"","...1","Name","Wins","WinPercentage","Pace","eFG","TOV","ORB","DRB","FTF","oppeFG","oppTOV","oppORB","oppDRB","oppFTF"
"1",1,"brock",15,0.789473684210526,1.91249671139174,0.47329498767461,0.219448635303799,0.342618384401114,0.723650385604113,0.224322103533279,0.439264328485885,0.213168133778526,0.276349614395887,0.657381615598886,0.248075278015398
"2",2,"carleton",19,1,1.84002628120894,0.584291187739464,0.170514540110157,0.447495961227787,0.763907734056988,0.17088122605364,0.404444444444444,0.225180144115292,0.236092265943012,0.552504038772213,0.181333333333333
"3",3,"ryerson",17,0.894736842105263,1.95424528301887,0.523895727733526,0.147987895519219,0.303030303030303,0.699363057324841,0.172338884866039,0.439852700490998,0.240501869817354,0.300636942675159,0.696969696969697,0.171031096563011
"4",4,"calgary",16,0.8,2.05984507746127,0.542013626040878,0.192429098679099,0.298772169167804,0.728947368421053,0.27554882664648,0.482717989002357,0.249084870669802,0.271052631578947,0.701227830832196,0.22152395915161
"5",5,"victoria",9,0.45,1.89651851851852,0.48671875,0.196639489913243,0.30566534914361,0.707417582417582,0.22109375,0.493822393822394,0.182273423107859,0.292582417582418,0.69433465085639,0.223166023166023
"6",6,"alberta",14,0.7,1.90301308965177,0.517557251908397,0.19614465343448,0.319534282018111,0.75453446191052,0.223664122137405,0.466741405082212,0.171157386997225,0.24546553808948,0.680465717981889,0.171898355754858
"7",7,"upei",6,0.3,2.16065287814603,0.446710526315789,0.154377668610257,0.311717861205916,0.727748691099476,0.246052631578947,0.518339100346021,0.163402480009271,0.272251308900524,0.688282138794084,0.233217993079585
"8",8,"mcgill",13,0.8125,1.92933665524759,0.510309278350515,0.25253340218163,0.37029702970297,0.759515570934256,0.216494845360825,0.397642015005359,0.229291135152592,0.240484429065744,0.62970297029703,0.237942122186495
"9",9,"unbc",4,0.2,1.93111722069483,0.462539432176656,0.191536404771699,0.185840707964602,0.682089552238806,0.178233438485804,0.55044390637611,0.205900750625521,0.317910447761194,0.814159292035398,0.245359160613398
"10",10,"saskatchewan",14,0.7,1.9614096475881,0.483883647798742,0.219208286329607,0.368571428571429,0.76843467011643,0.282232704402516,0.455172413793103,0.188741386299149,0.23156532988357,0.631428571428571,0.18544061302682
"11",11,"ubc",19,0.95,2.00484472049689,0.55079006772009,0.185924291628449,0.350136239782016,0.763888888888889,0.300225733634311,0.442231075697211,0.230449003865596,0.236111111111111,0.649863760217984,0.231872509960159
"12",12,"western",7,0.35,1.98111992071358,0.481831945495836,0.188976772126552,0.226790450928382,0.664756446991404,0.163512490537472,0.518648018648019,0.246837974303854,0.335243553008596,0.773209549071618,0.19036519036519
"13",13,"unb",14,0.7,2.0512,0.514898255813954,0.16905500085443,0.305949008498584,0.705075445816187,0.24781976744186,0.46484375,0.181939880735061,0.294924554183813,0.694050991501416,0.35625
"14",14,"trinitywestern",3,0.15,2.04480099502488,0.457234497505346,0.211077953271708,0.297202797202797,0.672258064516129,0.161083392729865,0.531044558071585,0.193978137809877,0.327741935483871,0.702797202797203,0.25054784514244
"15",15,"laurier",9,0.45,1.95248035363458,0.431286549707602,0.193446754883428,0.307038834951456,0.665060240963855,0.193713450292398,0.457543859649123,0.161310569922169,0.334939759036145,0.692961165048544,0.19859649122807
"16",16,"ottawa",16,0.842105263157895,1.80709997389715,0.526165167620605,0.164492669975759,0.329376854599407,0.707042253521127,0.170073589533933,0.432958477508651,0.211839898201168,0.292957746478873,0.670623145400594,0.181660899653979
"17",17,"lethbridge",13,0.65,2.04941960978019,0.482823002240478,0.211050019462826,0.293963254593176,0.724183006535948,0.238237490664675,0.483798040693293,0.226854836783915,0.275816993464052,0.706036745406824,0.217784476262246
"18",18,"toronto",11,0.578947368421053,1.87720646700239,0.484179850124896,0.173779271836363,0.287790697674419,0.706944444444444,0.214820982514571,0.491207034372502,0.172148355493352,0.293055555555556,0.712209302325581,0.181454836131095
"19",19,"saintmarys",13,0.65,2.03799650262303,0.496448863636364,0.146126717143069,0.27051282051282,0.721079691516709,0.220880681818182,0.475925925925926,0.19069552078764,0.278920308483291,0.72948717948718,0.247407407407407
"20",20,"waterloo",6,0.3,2.04345312892687,0.43050475493782,0.193024167851365,0.304291287386216,0.693140794223827,0.2033650329188,0.449582753824757,0.147490804966552,0.306859205776173,0.695708712613784,0.198191933240612
"21",21,"dalhousie",16,0.8,1.8335652173913,0.523191823899371,0.158627735656289,0.305980528511822,0.753403933434191,0.239779874213836,0.506607929515419,0.21239107274565,0.246596066565809,0.694019471488178,0.237004405286344
"22",22,"stfx",9,0.45,2.08618290258449,0.502799160251924,0.176630434782609,0.305980528511822,0.707632600258732,0.196641007697691,0.50104748603352,0.163952147592966,0.292367399741268,0.694019471488178,0.20391061452514
"23",23,"winnipeg",12,0.6,2.01467133216696,0.513919413919414,0.195399455849617,0.303448275862069,0.701754385964912,0.177289377289377,0.49373618275608,0.202230131667372,0.298245614035088,0.696551724137931,0.171702284450995
"24",24,"thompsonrivers",8,0.4,1.946625,0.462191358024691,0.2243901191633,0.29242819843342,0.7264631043257,0.195987654320988,0.507213363705391,0.184473283624449,0.2735368956743,0.70757180156658,0.185269552012149
"25",25,"regina",9,0.45,2.08844711177794,0.486060161408657,0.201887468641739,0.293978748524203,0.675879396984925,0.231107850330154,0.490874524714829,0.229225673275407,0.324120603015075,0.706021251475797,0.275285171102662
"26",26,"mountroyal",8,0.4,2.00569306930693,0.478754578754579,0.191652991746063,0.28537170263789,0.689153439153439,0.203663003663004,0.492609016999261,0.211437526429691,0.310846560846561,0.71462829736211,0.181079083518108
"27",27,"windsor",10,0.5,2.00528546497133,0.451127819548872,0.154746811842792,0.292134831460674,0.712938005390836,0.157211209842789,0.49774943735934,0.185922148986444,0.287061994609164,0.707865168539326,0.215303825956489
"28",28,"queens",7,0.368421052631579,1.91418047882136,0.467213114754098,0.191687122486692,0.274125874125874,0.661842105263158,0.181967213114754,0.482509505703422,0.18013205117668,0.338157894736842,0.725874125874126,0.159695817490494
"29",29,"brandon",9,0.45,2.12770186335404,0.460074626865672,0.219395495390361,0.248218527315914,0.705749718151071,0.222388059701493,0.454131652661064,0.184601004790279,0.294250281848929,0.751781472684085,0.266806722689076
"30",30,"manitoba",12,0.6,2.0373343335834,0.50480413895048,0.191354693096511,0.274905422446406,0.713054187192118,0.21359940872136,0.485249621785174,0.209402864090786,0.286945812807882,0.725094577553594,0.226928895612708
"31",31,"guelph",6,0.315789473684211,2.0160704892162,0.43436754176611,0.191493781320593,0.257065948855989,0.625538020086083,0.225139220365951,0.478110599078341,0.207142482563323,0.374461979913917,0.742934051144011,0.195852534562212
"32",32,"algoma",5,0.25,1.9591347342398,0.409263477600607,0.188354865623341,0.265644955300128,0.680491551459293,0.197418375094913,0.504163512490537,0.193983977427319,0.319508448540707,0.734355044699872,0.211203633610901
"33",33,"laurentian",9,0.473684210526316,1.93847376788553,0.469249201277955,0.196661550268611,0.316872427983539,0.663677130044843,0.210862619808307,0.483573717948718,0.1874625074985,0.336322869955157,0.683127572016461,0.212339743589744
"34",34,"ubcokanagan",2,0.1,1.945025,0.446147473073737,0.24443237370994,0.265971316818774,0.686192468619247,0.221209610604805,0.532873376623377,0.226111394992335,0.313807531380753,0.734028683181225,0.262987012987013
"35",35,"lakehead",6,0.315789473684211,1.91673243883189,0.405564263322884,0.195763887000734,0.320529801324503,0.739628040057225,0.177899686520376,0.454763811048839,0.164236611597738,0.260371959942775,0.679470198675497,0.188150520416333
"36",36,"ufv",11,0.55,1.9432049689441,0.509674922600619,0.213132013455563,0.279583875162549,0.69047619047619,0.184984520123839,0.477087952697709,0.189070815614576,0.30952380952381,0.720416124837451,0.218033998521803
"37",37,"memorial",12,0.6,2.09897857498754,0.507978723404255,0.186120397372976,0.215877437325905,0.684405940594059,0.259118541033435,0.470667565745111,0.161612320562791,0.315594059405941,0.784122562674095,0.194200944032367
"38",38,"mcmaster",8,0.421052631578947,1.97883817427386,0.454898911353033,0.189318979392596,0.311023622047244,0.709720372836218,0.213063763608087,0.459584295612009,0.187475589116001,0.290279627163782,0.688976377952756,0.199384141647421
"39",39,"bishops",2,0.125,2.02175679899969,0.430128840436075,0.229927914491673,0.267828843106181,0.641608391608392,0.222993062438057,0.480601357904947,0.238520251138742,0.358391608391608,0.732171156893819,0.230843840931135
"40",40,"laval",6,0.375,1.93874688279302,0.412731006160164,0.26440612781232,0.365351629502573,0.647342995169082,0.217659137577002,0.415553435114504,0.229083986706676,0.352657004830918,0.634648370497427,0.178435114503817
"41",41,"nipissing",9,0.473684210526316,1.90138417341342,0.474704890387858,0.21961425483567,0.307110438729198,0.719230769230769,0.18212478920742,0.460346070656092,0.125960019608911,0.280769230769231,0.692889561270802,0.1211247296323
"42",42,"capebreton",0,0,1.9999248496994,0.466331269349845,0.184856925804001,0.269677419354839,0.706434316353887,0.242260061919505,0.534027777777778,0.120207202518155,0.293565683646113,0.730322580645161,0.223611111111111
"43",43,"uqam",8,0.5,2.00655686761964,0.420604914933837,0.199035919763645,0.28881469115192,0.687702265372168,0.207939508506616,0.442545109211776,0.207459279368213,0.312297734627832,0.71118530884808,0.238366571699905
"44",44,"macewan",7,0.35,1.97685806611981,0.489795918367347,0.194430506773708,0.263291139240506,0.694376528117359,0.222222222222222,0.504080118694362,0.189064508810406,0.305623471882641,0.736708860759494,0.215875370919881
"45",45,"concordia",11,0.6875,1.98964330413016,0.412451361867704,0.224471280190214,0.298333333333333,0.688090737240076,0.21011673151751,0.4435318275154,0.264822134387352,0.311909262759924,0.701666666666667,0.18993839835729
"46",46,"york",4,0.210526315789474,1.9744709349049,0.447278911564626,0.256997938591733,0.335664335664336,0.659722222222222,0.187074829931973,0.477501939487975,0.187301501126524,0.340277777777778,0.664335664335664,0.189294026377036
"47",47,"acadia",10,0.5,2.0163260219342,0.515704894083272,0.165086142694007,0.283837056504599,0.726817042606516,0.233016800584368,0.495059985885674,0.15142934528353,0.273182957393484,0.716162943495401,0.202540578687368
"48",1,"brock",21,0.875,2.0045955500104,0.503925120772947,0.187581388619029,0.362302483069977,0.695436507936508,0.239734299516908,0.419499679281591,0.221773353879472,0.304563492063492,0.637697516930023,0.237973059653624
"49",2,"carleton",23,1,1.88266695483034,0.539786967418546,0.161005683901724,0.407547169811321,0.76144578313253,0.196115288220551,0.405759162303665,0.234021021642632,0.23855421686747,0.592452830188679,0.227374719521316
"50",3,"ryerson",17,0.739130434782609,1.93357965659639,0.501305483028721,0.175468101805135,0.321507760532151,0.698901098901099,0.221932114882507,0.467280163599182,0.209042349388086,0.301098901098901,0.678492239467849,0.215405589638718
"51",4,"calgary",16,0.8,2.06263053207359,0.511134307585247,0.176229409931187,0.284146341463415,0.725568942436412,0.192762700069589,0.479567307692308,0.266047706777853,0.274431057563588,0.715853658536585,0.205929487179487
"52",5,"victoria",10,0.5,1.91214906832298,0.502573529411765,0.158920115297509,0.26438188494492,0.726609963547995,0.189705882352941,0.503279883381924,0.138422378503201,0.273390036452005,0.73561811505508,0.170553935860058
"53",6,"alberta",19,0.95,1.92104078058544,0.514254385964912,0.186224555776841,0.387096774193548,0.760493827160494,0.219298245614035,0.432646592709984,0.202644211851735,0.239506172839506,0.612903225806452,0.190966719492868
"54",7,"upei",3,0.15,1.93439760538788,0.447072975140337,0.199132955524797,0.236,0.695898161244696,0.182838813151564,0.509558823529412,0.146463231360962,0.304101838755304,0.764,0.230882352941176
"55",8,"mcgill",14,0.875,2.07309136420526,0.523417172593235,0.190185524851911,0.359190556492411,0.705574912891986,0.169991326973114,0.439362795477903,0.279553925876542,0.294425087108014,0.640809443507589,0.206577595066804
"56",9,"unbc",10,0.5,1.94518132141083,0.499242424242424,0.149738753663821,0.218134034165572,0.730985915492958,0.224242424242424,0.535552193645991,0.171451967859154,0.269014084507042,0.781865965834428,0.194402420574887
"57",10,"saskatchewan",10,0.5,1.96358164033108,0.479166666666667,0.172895161496888,0.307589880159787,0.734513274336283,0.205357142857143,0.520094562647754,0.214666089127831,0.265486725663717,0.692410119840213,0.18360914105595
"58",11,"ubc",17,0.85,2.06088351431392,0.548721492743607,0.188388115401177,0.363295880149813,0.777385159010601,0.204561161022806,0.4572940287226,0.219997602205971,0.222614840989399,0.636704119850187,0.204081632653061
"59",12,"acadia",15,0.75,1.96882731321128,0.480561555075594,0.175196296580475,0.34529702970297,0.755421686746988,0.198704103671706,0.435413642960813,0.166744892665695,0.244578313253012,0.65470297029703,0.200290275761974
"60",13,"western",15,0.625,1.97338025253571,0.476218787158145,0.163507950770002,0.264767932489451,0.666267942583732,0.160523186682521,0.498372395833333,0.232217705415254,0.333732057416268,0.735232067510549,0.2109375
"61",14,"unb",16,0.8,2.0073310139165,0.512747875354108,0.151555892346427,0.332850940665702,0.750728862973761,0.245750708215297,0.484873262469338,0.1868760347163,0.249271137026239,0.667149059334298,0.313164349959117
"62",15,"trinitywestern",3,0.15,2.03971137098781,0.461673699015471,0.185380059713181,0.264672036823936,0.69481302774427,0.150492264416315,0.524539877300613,0.14167923335117,0.30518697225573,0.735327963176064,0.207907293796864
"63",16,"laurier",12,0.5,1.99254011252344,0.485187424425635,0.19210290033618,0.318791946308725,0.738979118329466,0.172914147521161,0.477626459143969,0.195889463870441,0.261020881670534,0.681208053691275,0.22503242542153
"64",17,"ottawa",17,0.739130434782609,1.86307989690722,0.53957783641161,0.160712221066019,0.285714285714286,0.73491124260355,0.160949868073879,0.456477732793522,0.175862068965517,0.26508875739645,0.714285714285714,0.199055330634278
"65",18,"lethbridge",12,0.6,2.20562685093781,0.49614576033637,0.187525114970755,0.240948813982522,0.679425837320574,0.265592151366503,0.501378359751895,0.232177307191888,0.320574162679426,0.759051186017478,0.195727084769125
"66",19,"toronto",13,0.565217391304348,1.83003710980135,0.458664021164021,0.137901519294325,0.279347826086957,0.687868080094229,0.218915343915344,0.511920529801325,0.162776780371035,0.312131919905771,0.720652173913043,0.168211920529801
"67",20,"saintmarys",14,0.7,1.98363681102362,0.486194029850746,0.159847339595053,0.288311688311688,0.732233502538071,0.291791044776119,0.453547915142648,0.159571825948738,0.267766497461929,0.711688311688312,0.24067300658376
"68",21,"waterloo",8,0.333333333333333,2.01515780730897,0.458054711246201,0.168495458841902,0.272428884026258,0.718456725755996,0.228571428571429,0.494050991501416,0.120907738095238,0.281543274244004,0.727571115973742,0.177337110481586
"69",22,"dalhousie",16,0.8,1.8868093578895,0.537998495109105,0.165580319596299,0.316165951359084,0.731707317073171,0.200902934537246,0.468006562756358,0.200587861455354,0.268292682926829,0.683834048640916,0.243642329778507
"70",23,"stfx",9,0.45,1.97995991983968,0.506507592190889,0.154219961728271,0.27972972972973,0.712250712250712,0.200289226319595,0.511029411764706,0.17037941206388,0.287749287749288,0.72027027027027,0.172794117647059
"71",24,"winnipeg",10,0.5,2.01196834817013,0.458625525946704,0.1777733883114,0.299295774647887,0.698162729658793,0.167601683029453,0.512738853503185,0.200058732838999,0.301837270341207,0.700704225352113,0.125265392781316
"72",25,"thompsonrivers",11,0.55,1.88444720496894,0.508254716981132,0.177646872358411,0.243869209809264,0.720763723150358,0.207547169811321,0.477487291212781,0.150027636669913,0.279236276849642,0.756130790190736,0.163398692810458
"73",26,"regina",11,0.55,2.11363297740253,0.47764371894961,0.178567246668696,0.266895761741123,0.703309692671395,0.220014194464159,0.480309423347398,0.195685488624307,0.296690307328605,0.733104238258877,0.210267229254571
"74",27,"mountroyal",8,0.4,2.02275999007198,0.477272727272727,0.186128526645768,0.276744186046512,0.708235294117647,0.174005681818182,0.470354302241504,0.16967908520841,0.291764705882353,0.723255813953488,0.222704266088214
"75",28,"windsor",13,0.541666666666667,2.03056137410976,0.501769911504425,0.143681099543902,0.227078891257996,0.696666666666667,0.187020648967552,0.502948113207547,0.142571702118803,0.303333333333333,0.772921108742004,0.219339622641509
"76",29,"queens",11,0.478260869565217,1.96740451388889,0.517068273092369,0.189849456618564,0.282926829268293,0.705402650356779,0.200803212851406,0.469117647058824,0.135507278052192,0.294597349643221,0.717073170731707,0.158235294117647
"77",30,"brandon",9,0.45,2.12037037037037,0.491452991452991,0.179776330228106,0.232419547079857,0.75,0.212250712250712,0.481245813797723,0.160881888300344,0.25,0.767580452920143,0.172136637642331
"78",31,"manitoba",12,0.6,1.94347399411187,0.497821350762527,0.155374426897606,0.277777777777778,0.714958775029446,0.174291938997821,0.450035688793719,0.186455100610672,0.285041224970554,0.722222222222222,0.166309778729479
"79",32,"guelph",6,0.25,2.03229839549906,0.460687960687961,0.176355122988529,0.272522522522523,0.672055427251732,0.208230958230958,0.513937282229965,0.171729428459782,0.327944572748268,0.727477477477477,0.164924506387921
"80",33,"algoma",6,0.25,1.97819627537142,0.428788800973828,0.162511226104435,0.27536231884058,0.693548387096774,0.175289105295192,0.47969837587007,0.14862262413129,0.306451612903226,0.72463768115942,0.174013921113689
"81",34,"laurentian",16,0.695652173913043,1.87227380695314,0.524487094639312,0.18400166120622,0.361904761904762,0.736425339366516,0.230311052283256,0.491978609625668,0.162004473860203,0.263574660633484,0.638095238095238,0.199197860962567
"82",35,"ubcokanagan",2,0.1,1.79542957042957,0.435929648241206,0.243926304900892,0.297872340425532,0.699724517906336,0.142378559463987,0.515067406819984,0.1578073089701,0.300275482093664,0.702127659574468,0.22680412371134
"83",36,"lakehead",2,0.0833333333333333,2.01665277198833,0.449142156862745,0.192299718029524,0.259176863181313,0.692650334075724,0.159926470588235,0.490549828178694,0.133430873534321,0.307349665924276,0.740823136818687,0.194730813287514
"84",37,"ufv",5,0.25,1.96471604938272,0.493486590038314,0.229236132161261,0.280254777070064,0.704651162790698,0.157088122605364,0.491009681881051,0.136933196608559,0.295348837209302,0.719745222929936,0.204011065006916
"85",38,"memorial",5,0.25,1.99520615996026,0.474668745128605,0.186562538738069,0.215714285714286,0.64572864321608,0.230709275136399,0.496598639455782,0.161907381476295,0.35427135678392,0.784285714285714,0.171428571428571
"86",39,"mcmaster",10,0.416666666666667,2.08415070511471,0.445259593679458,0.1708984375,0.325602140945584,0.698224852071006,0.197516930022573,0.478592375366569,0.187001163117154,0.301775147928994,0.674397859054416,0.208211143695015
"87",40,"bishops",5,0.3125,2.0874375,0.489108910891089,0.266764856172413,0.329289428076256,0.689230769230769,0.221782178217822,0.488311688311688,0.178203942855439,0.310769230769231,0.670710571923744,0.18961038961039
"88",41,"laval",8,0.5,2.04363693075483,0.464870067372474,0.230167254871874,0.325503355704698,0.666115702479339,0.205004812319538,0.443438914027149,0.233041841258274,0.333884297520661,0.674496644295302,0.14841628959276
"89",42,"nipissing",8,0.347826086956522,1.96653941163261,0.454705056179775,0.196940814404814,0.282479141835518,0.708920187793427,0.228932584269663,0.493129294191131,0.147062163574008,0.291079812206573,0.717520858164482,0.146158650843223
"90",43,"capebreton",2,0.1,2.07853022322548,0.448476052249637,0.170936055469954,0.287484510532838,0.66991643454039,0.258345428156749,0.535765895953757,0.170557638804887,0.33008356545961,0.712515489467162,0.254335260115607
"91",44,"uqam",2,0.125,1.96392934614193,0.409728718428438,0.219655580050481,0.31810766721044,0.656826568265683,0.150608044901777,0.519607843137255,0.210431150045204,0.343173431734317,0.68189233278956,0.263725490196078
"92",45,"macewan",5,0.25,2.01355848025826,0.470420527441197,0.195606565469579,0.280593325092707,0.686046511627907,0.14183891660727,0.495046001415428,0.167607404303567,0.313953488372093,0.719406674907293,0.21585279547063
"93",46,"concordia",11,0.6875,2.03881578947368,0.463496637848223,0.20994441759304,0.274822695035461,0.671328671328671,0.236311239193084,0.462228517469311,0.215793588741204,0.328671328671329,0.725177304964539,0.176581680830973
"94",47,"york",2,0.0869565217391304,1.96723578992868,0.408520475561427,0.194153577661431,0.253863134657837,0.659887005649717,0.199471598414795,0.477272727272727,0.182033463172805,0.340112994350283,0.746136865342163,0.271409749670619
"95",1,"brock",16,0.666666666666667,2.01858498349835,0.527616279069767,0.175252689925008,0.306504961411246,0.724623115577889,0.162209302325581,0.477231329690346,0.183955399782738,0.275376884422111,0.693495038588754,0.207043108682453
"96",2,"carleton",22,0.956521739130435,1.8503003003003,0.553739786297926,0.136819352465048,0.390080428954424,0.826241134751773,0.213073538654934,0.399338721528288,0.189371799967269,0.173758865248227,0.609919571045576,0.203526818515797
"97",3,"ryerson",21,0.91304347826087,1.91587646802958,0.528205128205128,0.157828999659362,0.347721822541966,0.732593340060545,0.219871794871795,0.399064171122995,0.211090178632226,0.267406659939455,0.652278177458034,0.177139037433155
"98",4,"calgary",20,1,2.02394894894895,0.532537960954447,0.177331349206349,0.319391634980989,0.748798076923077,0.215473608098337,0.425251742835012,0.248415809847868,0.251201923076923,0.680608365019011,0.172734314484895
"99",5,"victoria",10,0.5,1.93544589178357,0.492363636363636,0.15063356607189,0.252669039145907,0.754838709677419,0.163636363636364,0.484363365599404,0.156764180032648,0.245161290322581,0.747330960854093,0.183172002978407
"100",6,"alberta",15,0.75,1.95392696348174,0.516816143497758,0.199175299717464,0.351732991014121,0.745952677459527,0.233931240657698,0.461939102564103,0.201514254075352,0.254047322540473,0.648267008985879,0.237980769230769
"101",7,"upei",6,0.3,2.0261988011988,0.454001495886313,0.186163676579012,0.2109375,0.680989583333333,0.169783096484667,0.498205312275664,0.174954870298474,0.319010416666667,0.7890625,0.213208901651113
"102",8,"mcgill",9,0.5625,1.89703125,0.489969909729188,0.200990000332215,0.287334593572779,0.699346405228758,0.17753259779338,0.448045757864633,0.198503463599529,0.300653594771242,0.712665406427221,0.163012392755005
"103",9,"unbc",9,0.45,2.00307998012916,0.464233576642336,0.158741969888633,0.257985257985258,0.742404227212682,0.237226277372263,0.498880597014925,0.179160364024103,0.257595772787318,0.742014742014742,0.217164179104478
"104",10,"saskatchewan",11,0.55,2.09723605577689,0.475349766822119,0.172623157694231,0.353216374269006,0.705,0.199200532978015,0.502423822714681,0.182944157628002,0.295,0.646783625730994,0.196675900277008
"105",11,"ubc",17,0.85,2.03389662027833,0.528719723183391,0.159231782907902,0.325443786982249,0.784683684794673,0.237370242214533,0.445791726105564,0.16517398326237,0.215316315205327,0.674556213017751,0.174750356633381
"106",12,"acadia",6,0.3,1.97787720606513,0.454941860465116,0.1643901695948,0.29305912596401,0.728947368421053,0.191133720930233,0.473853868194842,0.153675775222737,0.271052631578947,0.70694087403599,0.207736389684814
"107",13,"western",16,0.666666666666667,1.98012967998327,0.4908480780964,0.168494221546133,0.264673311184939,0.728915662650602,0.167175106772422,0.495640509725017,0.215467162381968,0.271084337349398,0.735326688815061,0.229376257545272
"108",14,"unb",13,0.65,2.00423162583519,0.503914590747331,0.180324211778703,0.308423913043478,0.725547445255474,0.1644128113879,0.468364197530864,0.189435874726302,0.274452554744526,0.691576086956522,0.263117283950617
"109",15,"trinitywestern",0,0,2.01711533712028,0.4547141796585,0.198974940245916,0.237367802585194,0.719496855345912,0.176688938381589,0.559351276742581,0.142978826965198,0.280503144654088,0.762632197414806,0.211180124223602
"110",16,"laurier",18,0.75,2.01978973407545,0.507033997655334,0.167958918567833,0.289385474860335,0.724330357142857,0.169988276670574,0.464419475655431,0.187838725570701,0.275669642857143,0.710614525139665,0.230961298377029
"111",17,"ottawa",15,0.652173913043478,1.8959766385464,0.514276228419655,0.156844537053814,0.24468085106383,0.714285714285714,0.209163346613546,0.473008558262014,0.178739741143475,0.285714285714286,0.75531914893617,0.165240289664253
"112",18,"lethbridge",12,0.6,2.20814592703648,0.545104895104895,0.185247747747748,0.245590230664858,0.73602853745541,0.235664335664336,0.463585434173669,0.209233568342051,0.26397146254459,0.754409769335142,0.196778711484594
"113",19,"toronto",7,0.304347826086957,1.91011800699301,0.448650427913101,0.172744065129644,0.282023681377826,0.691387559808612,0.208689927583937,0.544299674267101,0.160712645789329,0.308612440191388,0.717976318622174,0.175895765472313
"114",20,"saintmarys",19,0.95,1.98245222139489,0.5125,0.159487630290092,0.316883116883117,0.747747747747748,0.224285714285714,0.446641791044776,0.18910080383444,0.252252252252252,0.683116883116883,0.18134328358209
"115",21,"waterloo",3,0.125,1.99477627471384,0.456179066834805,0.168224886801945,0.2265625,0.701411509229099,0.209331651954603,0.502543810062182,0.111122650327137,0.298588490770901,0.7734375,0.188807235726399
"116",22,"dalhousie",14,0.7,1.87110726643599,0.502730109204368,0.1889369149585,0.350746268656716,0.723489932885906,0.22386895475819,0.458039215686275,0.179633626362057,0.276510067114094,0.649253731343284,0.214901960784314
"117",23,"stfx",7,0.35,2.12156334231806,0.435185185185185,0.169310590233936,0.285714285714286,0.709677419354839,0.242798353909465,0.467763157894737,0.151085491144066,0.290322580645161,0.714285714285714,0.185526315789474
"118",24,"winnipeg",13,0.65,2.08899262899263,0.514744429882045,0.169563374311149,0.330943847072879,0.704242424242424,0.17300131061599,0.482946793997271,0.182683270676692,0.295757575757576,0.669056152927121,0.190995907230559
"119",25,"thompsonrivers",6,0.3,1.88131707317073,0.491228070175439,0.19401977833727,0.254281949934124,0.717821782178218,0.159420289855072,0.502629601803156,0.16836325018779,0.282178217821782,0.745718050065876,0.216378662659654
"120",26,"regina",14,0.7,2.07295081967213,0.506709039548023,0.188078355966831,0.305288461538462,0.713457076566125,0.211158192090395,0.481707317073171,0.207875370352671,0.286542923433875,0.694711538461538,0.188665710186514
"121",27,"mountroyal",8,0.4,2.13940529735132,0.465244322092223,0.201739494430362,0.270179372197309,0.668545659526494,0.17136958017894,0.500334224598931,0.194753390586137,0.331454340473506,0.729820627802691,0.172459893048128
"122",28,"windsor",7,0.291666666666667,2.03952221290863,0.435959110042093,0.153681127132455,0.18265306122449,0.71218487394958,0.146722790138304,0.483139856274185,0.127945300824991,0.28781512605042,0.81734693877551,0.15257048092869
"123",29,"queens",12,0.521739130434783,1.9100474342389,0.479235332893869,0.174615053178221,0.284571428571429,0.709289617486339,0.187211601845748,0.468173138128581,0.172506799127914,0.290710382513661,0.715428571428571,0.159134309357097
"124",30,"brandon",4,0.2,2.08168353492965,0.461643835616438,0.140343428625342,0.226269315673289,0.664626682986536,0.220547945205479,0.530364372469636,0.180645315145589,0.335373317013464,0.773730684326711,0.186234817813765
"125",31,"manitoba",10,0.5,1.9847950310559,0.477655677655678,0.207294771913124,0.290822407628129,0.701254275940707,0.156776556776557,0.45464135021097,0.177012184442943,0.298745724059293,0.709177592371871,0.182841068917018
"126",32,"guelph",11,0.458333333333333,2.02525773195876,0.444978953698136,0.19606045791575,0.361290322580645,0.735357917570499,0.244738424533975,0.483363042186572,0.143996906356217,0.264642082429501,0.638709677419355,0.229352346999406
"127",33,"algoma",7,0.291666666666667,1.98368269625976,0.422002328288708,0.14353469795307,0.301492537313433,0.714953271028037,0.214784633294529,0.520142180094787,0.155301935856689,0.285046728971963,0.698507462686567,0.175947867298578
"128",34,"laurentian",13,0.565217391304348,1.90030062271849,0.515335463258786,0.148742195276446,0.302270011947431,0.675675675675676,0.206389776357827,0.517185473411154,0.169891404962409,0.324324324324324,0.697729988052569,0.212062256809339
"129",35,"ubcokanagan",7,0.35,1.97158210447388,0.473764258555133,0.200168832497698,0.207932692307692,0.684273709483794,0.125475285171103,0.529681978798587,0.170892915483401,0.315726290516206,0.792067307692308,0.175971731448763
"130",36,"lakehead",10,0.416666666666667,2.06201265564401,0.474313022700119,0.157689227072487,0.204646017699115,0.751357220412595,0.182795698924731,0.448187995469989,0.14047143584322,0.248642779587405,0.795353982300885,0.201019252548131
"131",37,"ufv",13,0.65,1.85770741286205,0.484431571325127,0.160129162034831,0.327690447400242,0.725900116144019,0.181028240405503,0.453879941434846,0.141157225403024,0.274099883855981,0.672309552599758,0.202781844802343
"132",38,"memorial",6,0.3,2.03448189762796,0.442364170337739,0.18675389986085,0.291899441340782,0.719676549865229,0.223201174743025,0.47180585296217,0.15178439212202,0.280323450134771,0.708100558659218,0.209136331192006
"133",39,"mcmaster",11,0.458333333333333,2.03547851359767,0.473747736873868,0.167045850499088,0.280287474332649,0.713219616204691,0.233554616777308,0.490942028985507,0.176613885505481,0.286780383795309,0.719712525667351,0.227657004830918
"134",40,"bishops",7,0.4375,2.00144167758847,0.478218780251694,0.213514397905759,0.319039451114923,0.730902777777778,0.15972894482091,0.491658488714426,0.190014414886647,0.269097222222222,0.680960548885077,0.189401373895976
"135",41,"laval",5,0.3125,1.95660749506903,0.478213507625272,0.205691934178581,0.230769230769231,0.690346083788707,0.236383442265795,0.481973434535104,0.177471202785963,0.309653916211293,0.769230769230769,0.155597722960152
"136",42,"nipissing",3,0.130434782608696,1.91892125134844,0.428994082840237,0.18957134573353,0.282296650717703,0.698564593301435,0.182117028270874,0.489170792079208,0.129806820243062,0.301435406698565,0.717703349282297,0.181311881188119
"137",43,"capebreton",9,0.45,2.07582281613462,0.467320261437909,0.162564966656383,0.257333333333333,0.656675749318801,0.273057371096587,0.484375,0.207799362828467,0.343324250681199,0.742666666666667,0.244186046511628
"138",44,"uqam",8,0.5,1.94247732248983,0.462765957446808,0.171837708830549,0.320325203252033,0.684719535783366,0.155141843971631,0.506632653061225,0.220856695788238,0.315280464216634,0.679674796747967,0.226530612244898
"139",45,"macewan",1,0.05,2.11938392186326,0.444158706833211,0.233584372793599,0.268053855569155,0.66025641025641,0.183688464364438,0.540753424657534,0.182143958990911,0.33974358974359,0.731946144430845,0.189041095890411
"140",46,"concordia",11,0.6875,1.94914004914005,0.486007462686567,0.181416627228269,0.304878048780488,0.720216606498195,0.224813432835821,0.467495219885277,0.184928704082596,0.279783393501805,0.695121951219512,0.215105162523901
"141",47,"york",8,0.347826086956522,2.03073620948701,0.462890625,0.174171891823421,0.231833910034602,0.681983071342201,0.225260416666667,0.491509433962264,0.165096835643984,0.318016928657799,0.768166089965398,0.264779874213836
"142",1,"brock",12,0.545454545454545,1.97503956590549,0.451633568225496,0.161977151491563,0.2954796030871,0.73444976076555,0.159513132607303,0.47466572836031,0.198617121139272,0.26555023923445,0.7045203969129,0.217452498240676
"143",2,"carleton",21,0.954545454545455,1.96143911439114,0.576971608832808,0.13479133600971,0.390080428954424,0.787289234760052,0.203154574132492,0.430708661417323,0.230428395412757,0.212710765239948,0.609919571045576,0.239370078740157
"144",3,"ryerson",16,0.727272727272727,2.04043132803632,0.538021534320323,0.205832478022223,0.327586206896552,0.687620889748549,0.232839838492598,0.413443246670894,0.204713401238266,0.312379110251451,0.672413793103448,0.178186429930247
"145",4,"calgary",18,0.9,2.0021,0.517807262569832,0.182372339362446,0.398315282791817,0.744755244755245,0.227653631284916,0.437216338880484,0.209706411024566,0.255244755244755,0.601684717208183,0.197428139183056
"146",5,"victoria",15,0.75,1.92670313276977,0.493635077793494,0.174622403216661,0.331775700934579,0.751824817518248,0.156294200848656,0.455735180908391,0.191890215537293,0.248175182481752,0.668224299065421,0.191685912240185
"147",6,"alberta",19,0.95,1.99577777777778,0.55979020979021,0.175274019946677,0.315989847715736,0.719018404907975,0.169230769230769,0.463700234192037,0.235609235882047,0.280981595092025,0.684010152284264,0.205308352849336
"148",7,"upei",3,0.15,2.0185379241517,0.466991747936984,0.20217320547808,0.265474552957359,0.688477951635846,0.166541635408852,0.495649021029732,0.166617840925736,0.311522048364154,0.734525447042641,0.242204496011603
"149",8,"mcgill",12,0.75,1.98995971490549,0.520774315391879,0.196596521027964,0.279329608938547,0.711538461538462,0.166194523135033,0.461941008563273,0.215111796453354,0.288461538461538,0.720670391061452,0.191246431969553
"150",9,"unbc",6,0.3,1.9521,0.492050874403816,0.19159045624074,0.201602136181575,0.7010550996483,0.217806041335453,0.518835616438356,0.146386563254404,0.2989449003517,0.798397863818425,0.118493150684932
"151",10,"saskatchewan",12,0.6,1.9498024691358,0.504129129129129,0.181122448979592,0.333748443337484,0.701204819277108,0.247747747747748,0.506790564689064,0.180425981341313,0.298795180722892,0.666251556662516,0.166547533952823
"152",11,"ubc",16,0.8,2.0661,0.547311827956989,0.162721180270961,0.271076523994812,0.751670378619154,0.245161290322581,0.458009880028229,0.183421602448861,0.248329621380846,0.728923476005188,0.171489061397318
"153",12,"acadia",7,0.35,1.9878102727943,0.470037453183521,0.187224123394336,0.278975741239892,0.681139755766621,0.223220973782772,0.479121670266379,0.159031510429508,0.318860244233379,0.721024258760108,0.251979841612671
"154",13,"western",16,0.727272727272727,2.02786216277488,0.532552083333333,0.176267793594306,0.288697788697789,0.715025906735751,0.190755208333333,0.507649513212796,0.216907550180944,0.284974093264249,0.711302211302211,0.193324061196106
"155",14,"unb",13,0.65,1.99057668711656,0.495059985885674,0.156811701995785,0.278497409326425,0.728767123287671,0.170783345095272,0.456373292867982,0.193104632059047,0.271232876712329,0.721502590673575,0.243550834597876
"156",15,"trinitywestern",0,0,2.205025,0.482608695652174,0.177903682719547,0.217821782178218,0.682613768961494,0.173244147157191,0.540322580645161,0.175265450585353,0.317386231038506,0.782178217821782,0.268145161290323
"157",16,"laurier",11,0.5,2.04306997742664,0.483105912930474,0.198303706796159,0.32640586797066,0.791194968553459,0.172839506172839,0.478260869565217,0.188901482321044,0.208805031446541,0.67359413202934,0.187025534851622
"158",17,"ottawa",18,0.818181818181818,1.97226757369615,0.496231155778894,0.172480312280144,0.36,0.733581164807931,0.187185929648241,0.449442379182156,0.226616022743161,0.266418835192069,0.64,0.245353159851301
"159",18,"lethbridge",10,0.5,2.14775155279503,0.512446657183499,0.205209523587436,0.304819277108434,0.744835965978129,0.239687055476529,0.521861777150917,0.199706179414195,0.255164034021871,0.695180722891566,0.206629055007052
"160",19,"toronto",5,0.227272727272727,1.95994550408719,0.439626417611741,0.164325745519961,0.29637526652452,0.704294478527607,0.264843228819213,0.525067750677507,0.175757152501339,0.295705521472393,0.70362473347548,0.213414634146341
"161",20,"saintmarys",11,0.55,1.99526960784314,0.457225017972682,0.180834050928774,0.298717948717949,0.69041769041769,0.213515456506111,0.465493443754313,0.16007556057112,0.30958230958231,0.701282051282051,0.187715665976536
"162",21,"waterloo",5,0.227272727272727,2.03439562941043,0.438789088489687,0.181021341463415,0.262857142857143,0.717391304347826,0.187624750499002,0.485946283572767,0.137390255344816,0.282608695652174,0.737142857142857,0.185509056839475
"163",22,"dalhousie",19,0.95,1.91802830891482,0.536026200873362,0.157305989279888,0.374812593703148,0.730421686746988,0.228529839883552,0.462806424344886,0.258933195235629,0.269578313253012,0.625187406296852,0.187658495350803
"164",23,"stfx",11,0.55,2.15251355347462,0.448793215916504,0.165529241616198,0.322834645669291,0.732620320855615,0.199608610567515,0.488486842105263,0.150822563055433,0.267379679144385,0.677165354330709,0.156578947368421
"165",24,"winnipeg",10,0.5,2.01406211180124,0.448832417582418,0.181511653663459,0.322234156820623,0.658924205378973,0.175824175824176,0.481217129977461,0.238036354643255,0.341075794621027,0.677765843179377,0.217129977460556
"166",25,"thompsonrivers",11,0.55,1.936475,0.541027607361963,0.189251060066075,0.273504273504274,0.755208333333333,0.17638036809816,0.49768875192604,0.193500435696345,0.244791666666667,0.726495726495726,0.188751926040062
"167",26,"regina",10,0.5,2.04428080510555,0.48659793814433,0.185782556750299,0.299776286353468,0.710433763188746,0.189690721649485,0.485663082437276,0.202732055799585,0.289566236811254,0.700223713646532,0.184229390681004
"168",27,"mountroyal",3,0.15,2.18466699801193,0.466572836030964,0.196344017483154,0.207207207207207,0.623893805309734,0.207600281491907,0.516806722689076,0.200645704022009,0.376106194690266,0.792792792792793,0.190045248868778
"169",28,"windsor",11,0.5,2.17682195571956,0.492488569562378,0.180511216334926,0.239902080783354,0.696287964004499,0.205747877204442,0.48256880733945,0.192815525841472,0.303712035995501,0.760097919216646,0.166360856269113
"170",29,"queens",14,0.636363636363636,2.02594339622642,0.486146095717884,0.188751926040062,0.342372881355932,0.734883720930233,0.171284634760705,0.469331495520331,0.190438959008154,0.265116279069767,0.657627118644068,0.248104755341144
"171",30,"brandon",6,0.3,2.04697348674337,0.465851905104242,0.16863509070985,0.236632536973834,0.689138576779026,0.195542774982027,0.517155110793424,0.202339783680377,0.310861423220974,0.763367463026166,0.166547533952823
"172",31,"ontariotech",1,0.0454545454545455,1.96651449440767,0.431159420289855,0.228917355565443,0.312272174969623,0.609355246523388,0.215217391304348,0.556472081218274,0.155343827671914,0.390644753476612,0.687727825030377,0.204314720812183
"173",32,"manitoba",16,0.8,2.01126829268293,0.492784992784993,0.206716779825412,0.353437876960193,0.712189616252822,0.238095238095238,0.462491153573956,0.197103488428509,0.287810383747178,0.646562123039807,0.175513092710545
"174",33,"guelph",10,0.454545454545455,2.01503074470508,0.484364604125083,0.162319170748377,0.28009828009828,0.729559748427673,0.215568862275449,0.487229862475442,0.15083548278569,0.270440251572327,0.71990171990172,0.214800261951539
"175",34,"algoma",2,0.0909090909090909,1.97786678873884,0.440756602426838,0.178674351585014,0.188351920693928,0.63550135501355,0.184867951463241,0.550938337801609,0.17891165946373,0.36449864498645,0.811648079306072,0.211796246648794
"176",35,"laurentian",16,0.727272727272727,2.01503178928247,0.502699055330634,0.217836718151934,0.328235294117647,0.707212055974166,0.217948717948718,0.452554744525547,0.192316368886483,0.292787944025834,0.671764705882353,0.207033842070338
"177",36,"ubcokanagan",3,0.15,1.969925,0.431350954478708,0.248762533316411,0.347237880496054,0.659891598915989,0.13215859030837,0.55466472303207,0.161159332013603,0.340108401084011,0.652762119503946,0.242711370262391
"178",37,"lakehead",17,0.772727272727273,2.04634313055366,0.495712401055409,0.148260485751149,0.279357231149567,0.719125683060109,0.236807387862797,0.441610325752919,0.162704064862496,0.280874316939891,0.720642768850433,0.155500921942225
"179",38,"ufv",13,0.65,2.0146463384154,0.538461538461538,0.19097785655441,0.303439803439803,0.721081081081081,0.129146083274524,0.454637779282329,0.151051813854842,0.278918918918919,0.696560196560197,0.173324306025728
"180",39,"memorial",8,0.4,2.04403827281649,0.463828183873399,0.212988072667931,0.305818673883627,0.702261306532663,0.253202712886209,0.459507042253521,0.17468664457571,0.297738693467337,0.694181326116373,0.220422535211268
"181",40,"mcmaster",12,0.545454545454545,2.13408884859474,0.477909147479776,0.186349253541167,0.325506937033084,0.672251308900524,0.234598630989421,0.472426470588235,0.189092145239765,0.327748691099476,0.674493062966916,0.192401960784314
"182",41,"bishops",8,0.5,2.0111770215423,0.480297723292469,0.19782393669634,0.350230414746544,0.696666666666667,0.159369527145359,0.503181818181818,0.187893719204141,0.303333333333333,0.649769585253456,0.179090909090909
"183",42,"laval",2,0.125,2.12077475788816,0.461469534050179,0.182230679156909,0.214626391096979,0.626736111111111,0.188172043010753,0.515384615384615,0.22089782363755,0.373263888888889,0.785373608903021,0.225339366515837
"184",43,"nipissing",8,0.363636363636364,1.93032638259293,0.454706298655343,0.200183158784577,0.255924170616114,0.636024844720497,0.181882519462137,0.501314924391847,0.161460779708783,0.363975155279503,0.744075829383886,0.216962524654832
"185",44,"capebreton",8,0.4,2.00244789142026,0.469418960244648,0.190968051885659,0.234972677595628,0.695473251028807,0.25611620795107,0.495588235294118,0.196994462199019,0.304526748971193,0.765027322404372,0.220588235294118
"186",45,"uqam",8,0.5,1.98911076443058,0.455801104972376,0.19902212749953,0.345699831365936,0.737410071942446,0.212707182320442,0.482808022922636,0.190767781441357,0.262589928057554,0.654300168634064,0.199617956064947
"187",46,"macewan",2,0.1,2.06715527950311,0.443181818181818,0.224290145549988,0.241142857142857,0.71156289707751,0.173020527859238,0.538873038516405,0.171941975637517,0.28843710292249,0.758857142857143,0.228245363766049
"188",47,"concordia",10,0.625,1.96578784119107,0.510468594217348,0.212715483156729,0.306042884990253,0.730210016155089,0.238285144566301,0.460562103354488,0.170801586801839,0.269789983844911,0.693957115009747,0.165004533091568
"189",48,"york",3,0.136363636363636,2.04210055865922,0.453983516483516,0.204532528328302,0.219883040935673,0.672413793103448,0.203983516483516,0.503674219228414,0.14287278300854,0.327586206896552,0.780116959064328,0.208818126148194
"190",1,"brock",13,0.684210526315789,2.00331005947763,0.448534936138242,0.198925286762426,0.328834355828221,0.707616707616708,0.210368144252442,0.431978107896794,0.205108359133127,0.292383292383292,0.671165644171779,0.222048475371384
"191",2,"carleton",16,0.842105263157895,1.84513413992635,0.544207317073171,0.186593537078398,0.433534743202417,0.7421875,0.159298780487805,0.400438596491228,0.213478623386332,0.2578125,0.566465256797583,0.210526315789474
"192",3,"ryerson",17,0.894736842105263,2.05377109704641,0.511519078473722,0.165354936293486,0.315384615384615,0.706367924528302,0.197984161267099,0.429837518463811,0.189725252109488,0.293632075471698,0.684615384615385,0.175775480059084
"193",4,"calgary",17,0.85,2.04481737413623,0.505003573981415,0.176554526325973,0.308243727598566,0.687082405345212,0.256611865618299,0.438645980253879,0.204172589077068,0.312917594654788,0.691756272401434,0.208039492242595
"194",5,"victoria",9,0.45,1.84107142857143,0.471958925750395,0.177721878930388,0.274509803921569,0.707835325365206,0.191943127962085,0.479116465863454,0.170639145985202,0.292164674634794,0.725490196078431,0.230522088353414
"195",6,"alberta",10,0.5,1.8789,0.452995008319468,0.229983419799968,0.279279279279279,0.750316856780735,0.231281198003328,0.45447409733124,0.172792754621048,0.249683143219265,0.720720720720721,0.210361067503925
"196",7,"upei",12,0.6,2.17768864377037,0.486477784932389,0.154699424747324,0.348891481913652,0.715628672150411,0.228589826142949,0.479892761394102,0.172892332600902,0.284371327849589,0.651108518086348,0.196380697050938
"197",8,"mcgill",12,0.75,1.92862816987473,0.451007326007326,0.219917811737511,0.414309484193012,0.742957746478873,0.165750915750916,0.41547131147541,0.225168876657493,0.257042253521127,0.585690515806988,0.245901639344262
"198",9,"unbc",4,0.2,1.76394796097073,0.466973244147157,0.172678434382195,0.263870094722598,0.705107084019769,0.211538461538462,0.535961871750433,0.190380477862077,0.294892915980231,0.736129905277402,0.240034662045061
"199",10,"saskatchewan",8,0.4,1.90703009373458,0.492675404780262,0.197033515077909,0.314093959731544,0.72987721691678,0.223592906707787,0.504724409448819,0.179995856210505,0.27012278308322,0.685906040268456,0.24488188976378
"200",11,"ubc",16,0.8,1.9811583395476,0.524783634933124,0.216577942948975,0.316011235955056,0.75606936416185,0.265145554681353,0.430523917995444,0.196850393700787,0.24393063583815,0.683988764044944,0.217160212604404
"201",12,"acadia",12,0.6,1.93222170032879,0.52041547277937,0.176133593369088,0.255555555555556,0.670975323149236,0.19269340974212,0.485900962861073,0.171498521355505,0.329024676850764,0.744444444444444,0.21251719394773
"202",13,"western",11,0.55,1.88708955223881,0.466046887631366,0.185350134919179,0.245416078984485,0.735080058224163,0.223120452708165,0.485513245033113,0.22751392942425,0.264919941775837,0.754583921015515,0.185430463576159
"203",14,"unb",11,0.55,2.09511776251227,0.498670212765957,0.136436033166253,0.258426966292135,0.6875,0.216755319148936,0.480043541364296,0.186169589958551,0.3125,0.741573033707865,0.294629898403483
"204",15,"trinitywestern",1,0.05,2.03026481715006,0.440888554216867,0.192784527646913,0.227058823529412,0.710126582278481,0.207078313253012,0.544727272727273,0.158078167786906,0.289873417721519,0.772941176470588,0.241454545454545
"205",16,"laurier",9,0.45,2.04249201277955,0.43218085106383,0.147710487444609,0.29042904290429,0.635309278350515,0.191489361702128,0.482117812061711,0.189011790446092,0.364690721649485,0.70957095709571,0.217391304347826
"206",17,"ottawa",17,0.894736842105263,1.93372123776779,0.560049019607843,0.183601056221807,0.330203442879499,0.709068010075567,0.228758169934641,0.416799363057325,0.2121987050438,0.290931989924433,0.669796557120501,0.172770700636943
"207",18,"lethbridge",12,0.6,2.01491424310216,0.528259231348907,0.20560425490003,0.308411214953271,0.698453608247423,0.235116804822909,0.495739736638265,0.226216376582278,0.301546391752577,0.691588785046729,0.221533694810225
"208",19,"toronto",5,0.263157894736842,1.96266311584554,0.456624605678233,0.195227470613844,0.323529411764706,0.685060565275909,0.207413249211356,0.492786636294609,0.167135819845179,0.314939434724091,0.676470588235294,0.173120728929385
"209",20,"saintmarys",10,0.5,2.01009084213111,0.485663082437276,0.175718849840256,0.32741116751269,0.725743855109961,0.23010752688172,0.497043606799704,0.18819358442,0.274256144890039,0.67258883248731,0.242424242424242
"210",21,"waterloo",1,0.05,2.01488125315816,0.430586488492947,0.202875763954049,0.310126582278481,0.701986754966887,0.163325909428359,0.499651567944251,0.132081555709892,0.298013245033113,0.689873417721519,0.218118466898955
"211",22,"dalhousie",13,0.65,1.83280871670702,0.494270435446906,0.185710160905058,0.296542553191489,0.741109530583215,0.173414820473644,0.497560975609756,0.195489121761796,0.258890469416785,0.703457446808511,0.208943089430894
"212",23,"stfx",5,0.25,1.91073238139106,0.473493100944081,0.18408709810688,0.2925877763329,0.707650273224044,0.214233841684822,0.528217481073641,0.163218940571565,0.292349726775956,0.7074122236671,0.174122505161734
"213",24,"winnipeg",10,0.5,1.92816691505216,0.45128604832424,0.202026680348897,0.2636695018226,0.664634146341463,0.218238503507405,0.474463360473723,0.220580625129373,0.335365853658537,0.7363304981774,0.157660991857883
"214",25,"thompsonrivers",16,0.8,1.91228157763355,0.520510835913313,0.184557193165515,0.276625172890733,0.724815724815725,0.211300309597523,0.453333333333333,0.209688798306812,0.275184275184275,0.723374827109267,0.202352941176471
"215",26,"regina",11,0.55,2.0575787893947,0.465998568360773,0.191016157290247,0.317514124293785,0.697368421052632,0.227630637079456,0.467282525019246,0.236238643540786,0.302631578947368,0.682485875706215,0.257120862201694
"216",27,"mountroyal",10,0.5,2.03831869510665,0.473138910207214,0.213282341693021,0.336884154460719,0.723994452149792,0.246354566385265,0.478458049886621,0.202789593431596,0.276005547850208,0.663115845539281,0.213907785336357
"217",28,"windsor",14,0.7,2.02019543973941,0.490862573099415,0.169053301511535,0.258397932816537,0.734417344173442,0.192251461988304,0.486842105263158,0.187490718281273,0.265582655826558,0.741602067183463,0.21203007518797
"218",29,"queens",11,0.578947368421053,1.98212469895638,0.481069958847737,0.19077750319094,0.296561604584527,0.697490092470277,0.246913580246914,0.468181818181818,0.161749308706274,0.302509907529723,0.703438395415473,0.182575757575758
"219",30,"brandon",1,0.05,2.0184,0.445347119645495,0.21341614292077,0.276905829596413,0.691119691119691,0.153618906942393,0.517543859649123,0.212663062348098,0.308880308880309,0.723094170403587,0.238749046529367
"220",31,"manitoba",15,0.75,1.963623046875,0.486603910209993,0.177455106971184,0.314726840855107,0.714285714285714,0.22302679217958,0.461595273264402,0.195511308622359,0.285714285714286,0.685273159144893,0.209010339734121
"221",32,"guelph",9,0.473684210526316,2.06834210526316,0.440690690690691,0.173027861274596,0.259501965923984,0.674820143884892,0.214714714714715,0.46046511627907,0.190345570139459,0.325179856115108,0.740498034076016,0.243410852713178
"222",33,"algoma",5,0.25,1.90738636363636,0.400383141762452,0.183955033214103,0.257105943152455,0.661991584852735,0.204597701149425,0.467501957713391,0.193717002442804,0.338008415147265,0.742894056847545,0.234142521534847
"223",34,"laurentian",6,0.315789473684211,1.98150933609958,0.427075252133437,0.203070956922754,0.289757412398922,0.667638483965015,0.183863460046548,0.483448806774442,0.181078890254426,0.332361516034985,0.710242587601078,0.229407236335643
"224",35,"ubcokanagan",8,0.4,1.81427856964241,0.455870108243131,0.223888797318829,0.299723756906077,0.742681047765794,0.206494587843464,0.49955713020372,0.200547702691488,0.257318952234206,0.700276243093923,0.258635961027458
"225",36,"lakehead",10,0.526315789473684,1.85126532741978,0.460099750623441,0.176498828047782,0.277213352685051,0.716569767441861,0.198669991687448,0.47723642172524,0.158236750309441,0.283430232558139,0.722786647314949,0.179712460063898
"226",37,"ufv",12,0.6,1.86379440665155,0.506117455138662,0.192588109059895,0.274509803921569,0.698823529411765,0.203099510603589,0.461908284023669,0.174741541977835,0.301176470588235,0.725490196078431,0.159023668639053
"227",38,"memorial",7,0.35,2.06177896267572,0.46054469273743,0.170976203859846,0.264173703256936,0.673495518565941,0.236033519553073,0.499326145552561,0.179359497793406,0.326504481434059,0.735826296743064,0.17722371967655
"228",39,"mcmaster",14,0.736842105263158,2.04498687664042,0.501543209876543,0.186958971469549,0.331884057971015,0.698778833107191,0.236111111111111,0.440923317683881,0.218045693115159,0.301221166892809,0.668115942028985,0.196400625978091
"229",40,"bishops",4,0.25,1.97956888472352,0.415094339622642,0.248650853413655,0.324324324324324,0.652597402597403,0.221449851042701,0.466254752851711,0.211151330412142,0.347402597402597,0.675675675675676,0.214828897338403
"230",41,"laval",7,0.4375,2.01164425427873,0.453125,0.202560240963855,0.29093799682035,0.667763157894737,0.194852941176471,0.457779886148008,0.242175285858803,0.332236842105263,0.70906200317965,0.182163187855787
"231",42,"nipissing",4,0.210526315789474,1.93164556962025,0.412868632707775,0.250260101791187,0.333333333333333,0.671428571428571,0.236818588025022,0.501578531965272,0.170082137227246,0.328571428571429,0.666666666666667,0.174427782162589
"232",43,"capebreton",10,0.5,2.07616038882139,0.504035216434336,0.232438619851893,0.32033426183844,0.71907514450867,0.200293470286134,0.456565656565657,0.160109789569991,0.28092485549133,0.67966573816156,0.198653198653199
"233",44,"uqam",7,0.4375,1.99296285110239,0.43327239488117,0.197535007169224,0.294890510948905,0.669398907103825,0.207495429616088,0.427695004382121,0.197994459166466,0.330601092896175,0.705109489051095,0.205083260297984
"234",45,"macewan",10,0.5,1.86331845238095,0.475259377494014,0.201628844785325,0.283582089552239,0.672021419009371,0.209098164405427,0.478998384491115,0.211761858664085,0.327978580990629,0.716417910447761,0.226978998384491
"235",46,"concordia",10,0.625,1.98610345883073,0.411187438665358,0.225508544779554,0.262895174708819,0.690821256038647,0.224730127576055,0.399257195914578,0.216765243241569,0.309178743961353,0.737104825291181,0.167130919220056
"236",47,"york",2,0.105263157894737,1.95132605304212,0.472200469851214,0.201019940098756,0.336182336182336,0.652554744525547,0.176977290524667,0.49805900621118,0.195461605286019,0.347445255474453,0.663817663817664,0.229037267080745
