,...1,Name,Wins,WinPercentage,Pace,eFG,TOV,ORB,DRB,FTF,oppeFG,oppTOV,oppORB,oppDRB,oppFTF
1,1,brock,8,0.421052632,1.880699922,0.422885572,0.23103954,0.323450135,0.622386224,0.194029851,0.424636572,0.207688662,0.377613776,0.676549865,0.163733741
2,2,carleton,18,0.947368421,1.805582011,0.435875943,0.204391497,0.383502171,0.742253521,0.21458508,0.351935194,0.229391524,0.257746479,0.616497829,0.169216922
3,3,ryerson,13,0.684210526,1.84736158,0.413285601,0.206844149,0.373879641,0.718492344,0.202863962,0.359527687,0.213176113,0.281507656,0.626120359,0.175081433
4,4,calgary,11,0.55,1.964407204,0.401984127,0.281119412,0.345543346,0.669867947,0.203174603,0.401190476,0.275914166,0.330132053,0.654456654,0.191269841
5,5,victoria,12,0.6,1.873288856,0.442171518,0.211221122,0.315445026,0.68315508,0.214004721,0.431300813,0.231963518,0.31684492,0.684554974,0.229268293
6,6,alberta,17,0.85,1.781942375,0.463235294,0.255924835,0.353576248,0.703355705,0.23183391,0.399911426,0.271573463,0.296644295,0.646423752,0.205491585
7,7,upei,11,0.55,1.94222663,0.393481717,0.20619877,0.237400531,0.687418936,0.207472178,0.386544586,0.244973276,0.312581064,0.762599469,0.199840764
8,8,mcgill,9,0.5625,1.851986449,0.447940503,0.289607607,0.273684211,0.706484642,0.19221968,0.380295567,0.210632393,0.293515358,0.726315789,0.175369458
9,9,unbc,6,0.3,1.916645963,0.41877551,0.249365252,0.326370757,0.678145695,0.253877551,0.457786885,0.244506706,0.321854305,0.673629243,0.250819672
10,10,saskatchewan,15,0.75,1.826288144,0.443488943,0.219452723,0.379551821,0.723214286,0.263718264,0.411764706,0.24442598,0.276785714,0.620448179,0.266544118
11,11,ubc,16,0.8,1.911577388,0.460992908,0.244691869,0.353846154,0.715561224,0.224586288,0.406480722,0.269849039,0.284438776,0.646153846,0.191140279
12,12,acadia,11,0.55,2.021099117,0.429403202,0.214651961,0.317479191,0.704242424,0.230713246,0.426847662,0.241872593,0.295757576,0.682520809,0.192307692
13,13,western,8,0.4,1.882750702,0.436067019,0.276003101,0.278425656,0.683844011,0.176366843,0.44048583,0.226797889,0.316155989,0.721574344,0.157894737
14,14,unb,15,0.75,1.912348128,0.396524487,0.234115007,0.337625179,0.721220527,0.198262243,0.341088674,0.261977999,0.278779473,0.662374821,0.249341528
15,15,trinitywestern,12,0.6,1.90488477,0.448655257,0.242521171,0.327225131,0.66,0.21597392,0.436290323,0.246688829,0.34,0.672774869,0.209677419
16,16,laurier,13,0.65,1.992740926,0.40544518,0.185129022,0.297924298,0.5968523,0.201618837,0.377304965,0.241615264,0.4031477,0.702075702,0.143262411
17,17,ottawa,13,0.684210526,1.803216451,0.396964856,0.210970464,0.343832021,0.708898944,0.119808307,0.384186047,0.256383885,0.291101056,0.656167979,0.189767442
18,18,lethbridge,5,0.25,1.91847962,0.382520325,0.258263115,0.307311029,0.663588391,0.18699187,0.428793774,0.216870295,0.336411609,0.692688971,0.216342412
19,19,toronto,7,0.368421053,1.880692938,0.376335251,0.241914948,0.366127024,0.63022942,0.188989318,0.422719595,0.254431583,0.36977058,0.633872976,0.196790541
20,20,saintmarys,15,0.75,1.834954106,0.424218123,0.226634577,0.341968912,0.731707317,0.218925421,0.394019349,0.244722739,0.268292683,0.658031088,0.238346526
21,21,waterloo,6,0.3,1.960500626,0.358864697,0.237393998,0.279279279,0.679114799,0.145412131,0.419713831,0.2420639,0.320885201,0.720720721,0.175675676
22,22,dalhousie,3,0.15,1.900124938,0.391339869,0.249913594,0.289111389,0.68627451,0.149509804,0.45276221,0.220530835,0.31372549,0.710888611,0.235388311
23,23,stfx,1,0.05,1.946446,0.3322813,0.3099174,0.2938719,0.6688228,0.1929666,0.3713961,0.2020227,0.3311772,0.7061281,0.254173
24,24,winnipeg,18,0.9,1.904447776,0.448913043,0.182086357,0.355437666,0.697247706,0.175362319,0.429832714,0.302031126,0.302752294,0.644562334,0.267657993
25,25,thompsonrivers,2,0.1,1.897299325,0.391959799,0.291957303,0.317575758,0.62590799,0.17839196,0.44910847,0.224194609,0.37409201,0.682424242,0.168647845
26,26,regina,17,0.85,1.857438842,0.44,0.225485196,0.444186047,0.752116082,0.232592593,0.341161401,0.247604694,0.247883918,0.555813953,0.218616567
27,27,mountroyal,4,0.2,2.149525237,0.389469453,0.295402004,0.248129676,0.636363636,0.193729904,0.411969381,0.249994213,0.363636364,0.751870324,0.203201113
28,28,windsor,16,0.8,1.927621483,0.455290611,0.199420824,0.397202797,0.765395894,0.184053651,0.397746967,0.244081851,0.234604106,0.602797203,0.169844021
29,29,queens,18,0.947368421,1.977795317,0.425261584,0.223788593,0.435105068,0.702597403,0.195814649,0.365434222,0.289192901,0.297402597,0.564894932,0.186586414
30,30,brandon,8,0.4,1.987459647,0.41796875,0.284083767,0.296833773,0.669481303,0.301215278,0.44317315,0.252744796,0.330518697,0.703166227,0.200610221
31,31,manitoba,4,0.2,1.9604,0.386676876,0.241648078,0.312570781,0.608294931,0.186830015,0.434505988,0.233425519,0.391705069,0.687429219,0.249251497
32,32,guelph,5,0.263157895,2.047367035,0.368904876,0.25534549,0.324900133,0.625503356,0.179856115,0.420317221,0.22891659,0.374496644,0.675099867,0.18429003
33,33,algoma,4,0.2,1.965277072,0.392321271,0.277048319,0.247208931,0.686451613,0.180052957,0.400971599,0.19179793,0.313548387,0.752791069,0.189835575
34,34,laurentian,4,0.210526316,1.81455979,0.387846291,0.235202447,0.273103448,0.624251497,0.18588025,0.453806672,0.224609659,0.375748503,0.726896552,0.207869974
35,35,ubcokanagan,4,0.2,1.897367114,0.384615385,0.245780979,0.300353357,0.636594663,0.183980967,0.463276836,0.260783393,0.363405337,0.699646643,0.217110573
36,36,lakehead,8,0.421052632,2.036610261,0.419051205,0.202099181,0.316735823,0.654891304,0.115963855,0.394261006,0.244132934,0.345108696,0.683264177,0.16745283
37,37,ufv,12,0.6,1.868051038,0.427935943,0.258146708,0.284741144,0.661830357,0.259786477,0.380443086,0.225381878,0.338169643,0.715258856,0.185637892
38,38,memorial,11,0.55,1.989695609,0.413008779,0.2175919,0.258156028,0.715258856,0.23782921,0.401315789,0.210597997,0.284741144,0.741843972,0.203560372
39,39,mcmaster,17,0.894736842,1.927203965,0.463467049,0.178101491,0.360153257,0.672153635,0.142550143,0.394491525,0.269506479,0.327846365,0.639846743,0.139830508
40,40,bishops,2,0.125,1.884687794,0.386666667,0.258240674,0.286926995,0.674536256,0.146666667,0.4222333,0.225840159,0.325463744,0.713073005,0.172482552
41,41,laval,14,0.875,1.894504145,0.449657869,0.20899324,0.325044405,0.75313059,0.220918866,0.389468196,0.243718027,0.24686941,0.674955595,0.204379562
42,42,nipissing,1,0.052631579,1.899732692,0.364306785,0.315735579,0.274881517,0.590837283,0.171091445,0.481285598,0.207445772,0.409162717,0.725118483,0.207485761
43,43,capebreton,13,0.65,1.957103825,0.411740891,0.21389632,0.289646134,0.720994475,0.288259109,0.422738191,0.244441041,0.279005525,0.710353866,0.160128102
44,44,uqam,8,0.5,1.914915572,0.389564336,0.251737803,0.34375,0.727969349,0.208713273,0.428884026,0.258595212,0.272030651,0.65625,0.231947484
45,45,macewan,7,0.35,1.900976709,0.397215397,0.280480151,0.318804483,0.65125,0.188370188,0.413807531,0.278751195,0.34875,0.681195517,0.226778243
46,46,concordia,7,0.4375,1.963274199,0.39147671,0.19961191,0.233160622,0.674329502,0.224975223,0.443193449,0.265453166,0.325670498,0.766839378,0.215967247
47,47,york,5,0.263157895,1.919616597,0.350838482,0.293087278,0.356741573,0.637203166,0.19505737,0.401812689,0.198116536,0.362796834,0.643258427,0.166918429
48,1,brock,6,0.25,1.925116773,0.350316233,0.298663232,0.373088685,0.596943649,0.212930429,0.38128407,0.224588619,0.403056351,0.626911315,0.167171411
49,2,carleton,23,1,1.870718839,0.459317585,0.201412843,0.399071926,0.759465479,0.174540682,0.30388563,0.240806116,0.240534521,0.600928074,0.16568915
50,3,ryerson,13,0.565217391,1.937963168,0.443504736,0.252165522,0.434090909,0.665983607,0.235453315,0.401902887,0.23219461,0.334016393,0.565909091,0.154855643
51,4,calgary,15,0.75,1.953686058,0.449182658,0.213148433,0.381336406,0.708651399,0.165600569,0.373056995,0.300207836,0.291348601,0.618663594,0.227979275
52,5,victoria,16,0.8,1.907488104,0.444569288,0.17913856,0.342925659,0.653798257,0.251685393,0.461388456,0.225917461,0.346201743,0.657074341,0.206708268
53,6,alberta,11,0.55,1.856778389,0.443873179,0.269571137,0.328710125,0.669240669,0.191945159,0.405844156,0.23461036,0.330759331,0.671289875,0.217532468
54,7,upei,11,0.55,2.015126471,0.412636505,0.174183398,0.22972973,0.715346535,0.280811232,0.400582666,0.185551707,0.284653465,0.77027027,0.198834669
55,8,mcgill,11,0.6875,1.779407176,0.414634146,0.206017463,0.338155515,0.717728055,0.182926829,0.377040816,0.194648055,0.282271945,0.661844485,0.157142857
56,9,unbc,9,0.45,1.937390871,0.429022082,0.20688665,0.301061008,0.69160105,0.242113565,0.445210728,0.21593334,0.30839895,0.698938992,0.204597701
57,10,saskatchewan,17,0.85,1.889824561,0.50493921,0.189603413,0.397694524,0.780058651,0.238601824,0.407079646,0.241116751,0.219941349,0.602305476,0.22300885
58,11,ubc,10,0.5,1.868306011,0.440370669,0.247833117,0.325581395,0.703832753,0.161966156,0.407662835,0.202715318,0.296167247,0.674418605,0.179310345
59,12,acadia,18,0.9,2.127020265,0.470451527,0.175699259,0.345707657,0.775969962,0.203187251,0.397674419,0.247565411,0.224030038,0.654292343,0.206976744
60,13,western,13,0.541666667,1.915417286,0.428716904,0.243677702,0.329873126,0.7043379,0.174473863,0.427097204,0.231963329,0.2956621,0.670126874,0.15379494
61,14,unb,10,0.5,1.930746343,0.453053435,0.222799379,0.31871345,0.727027027,0.151145038,0.398177496,0.19109188,0.272972973,0.68128655,0.237717908
62,15,trinitywestern,16,0.8,1.878765926,0.448484848,0.200366232,0.320802005,0.689156627,0.171212121,0.404434251,0.207855887,0.310843373,0.679197995,0.173547401
63,16,laurier,10,0.416666667,1.911138411,0.385812072,0.188102516,0.277945619,0.627430911,0.182949596,0.401948843,0.228214876,0.372569089,0.722054381,0.152862363
64,17,ottawa,15,0.652173913,1.816433642,0.394528675,0.232142857,0.381443299,0.694252874,0.133816744,0.387982196,0.262686708,0.305747126,0.618556701,0.193620178
65,18,lethbridge,11,0.55,1.985356696,0.432773109,0.235188151,0.312579416,0.690747782,0.194805195,0.444444444,0.233181691,0.309252218,0.687420584,0.176697531
66,19,toronto,11,0.47826087,1.875987055,0.415913829,0.215379342,0.280874317,0.588717949,0.186935372,0.38730998,0.248888683,0.411282051,0.719125683,0.182419035
67,20,saintmarys,11,0.55,1.83120797,0.369783617,0.206628367,0.340218712,0.727134146,0.183925811,0.413382218,0.25395265,0.272865854,0.659781288,0.25664528
68,21,waterloo,2,0.083333333,1.861410096,0.312369701,0.248584296,0.250521921,0.636655949,0.145934677,0.400259067,0.200531747,0.363344051,0.749478079,0.20984456
69,22,dalhousie,5,0.25,1.930512195,0.362916006,0.240372419,0.244848485,0.678615575,0.170364501,0.442835932,0.204489971,0.321384425,0.755151515,0.205642168
70,23,stfx,1,0.05,1.951019406,0.350675139,0.228801133,0.224334601,0.672350792,0.165210485,0.425035361,0.171172753,0.327649208,0.775665399,0.197312588
71,24,winnipeg,14,0.7,1.913271682,0.438648053,0.197000341,0.370946822,0.660759494,0.178545187,0.408745247,0.229995582,0.339240506,0.629053178,0.15513308
72,25,thompsonrivers,8,0.4,1.966216216,0.391138273,0.23335368,0.309782609,0.671660424,0.210084034,0.464892831,0.212728014,0.328339576,0.690217391,0.161862528
73,26,regina,18,0.9,1.991783217,0.475381415,0.168695999,0.356363636,0.741116751,0.217059639,0.386960203,0.274690578,0.258883249,0.643636364,0.232853514
74,27,mountroyal,1,0.05,2.027025,0.352409639,0.265898103,0.309392265,0.646475771,0.143072289,0.435159501,0.187748491,0.353524229,0.690607735,0.209431345
75,28,windsor,20,0.833333333,1.873411864,0.440192926,0.234171146,0.439675174,0.748510131,0.191639871,0.391759777,0.224430726,0.251489869,0.560324826,0.162011173
76,29,queens,17,0.739130435,1.954692627,0.409005629,0.225669168,0.436082474,0.663253697,0.190744215,0.383542538,0.280176271,0.336746303,0.563917526,0.158995816
77,30,brandon,3,0.15,2.031642089,0.42745098,0.248264618,0.300947867,0.646857143,0.239215686,0.465648855,0.190540375,0.353142857,0.699052133,0.214434421
78,31,manitoba,9,0.45,1.98942523,0.415951359,0.210277467,0.328,0.637387387,0.163805436,0.408082976,0.200528036,0.362612613,0.672,0.210300429
79,32,guelph,14,0.583333333,2.023350785,0.404747413,0.214402954,0.330444204,0.671428571,0.192331102,0.417915531,0.268407311,0.328571429,0.669555796,0.207765668
80,33,algoma,2,0.083333333,1.958984291,0.352983988,0.278827027,0.274285714,0.607032058,0.172489083,0.416565901,0.178212689,0.392967942,0.725714286,0.23095526
81,34,laurentian,5,0.217391304,1.891989378,0.391039427,0.23058337,0.27480916,0.592880979,0.197849462,0.463120104,0.210806482,0.407119021,0.72519084,0.182114883
82,35,ubcokanagan,0,0,1.857675,0.37147737,0.244352298,0.234643735,0.604774536,0.165670367,0.483193277,0.212548429,0.395225464,0.765356265,0.195569137
83,36,lakehead,16,0.666666667,1.951648581,0.407018596,0.204479274,0.368586387,0.651982379,0.155968806,0.383848134,0.255772229,0.348017621,0.631413613,0.158944659
84,37,ufv,8,0.4,1.8835647,0.424744898,0.232640903,0.260292165,0.67583047,0.24744898,0.416414523,0.213540435,0.32416953,0.739707835,0.182299546
85,38,memorial,11,0.55,2.047261462,0.413299045,0.193667902,0.243872549,0.720098644,0.208670096,0.402689314,0.188835555,0.279901356,0.756127451,0.176220807
86,39,mcmaster,20,0.833333333,1.89590112,0.443396226,0.208310249,0.385947047,0.656219393,0.162507608,0.378757515,0.258361729,0.343780607,0.614052953,0.169672679
87,40,bishops,8,0.5,1.903029357,0.402977906,0.221036086,0.317683881,0.696869852,0.158501441,0.415752742,0.226173636,0.303130148,0.682316119,0.208374875
88,41,laval,12,0.75,1.882261087,0.39707271,0.201692247,0.303482587,0.73415493,0.152030217,0.387249737,0.238431056,0.26584507,0.696517413,0.187565859
89,42,nipissing,2,0.086956522,1.930393053,0.351088647,0.280314622,0.243373494,0.583427923,0.129082426,0.44379845,0.182314871,0.416572077,0.756626506,0.195090439
90,43,capebreton,13,0.65,2.041008445,0.462373933,0.208770816,0.275555556,0.761038961,0.238944919,0.425710124,0.206225587,0.238961039,0.724444444,0.139839767
91,44,uqam,5,0.3125,1.857182923,0.423783784,0.242906785,0.282771536,0.648739496,0.218378378,0.409223301,0.224495927,0.351260504,0.717228464,0.166990291
92,45,macewan,4,0.2,1.924381095,0.363751051,0.287178296,0.307588076,0.665254237,0.176619008,0.434008097,0.247272156,0.334745763,0.692411924,0.194331984
93,46,concordia,4,0.25,1.910429064,0.392262488,0.210070134,0.294117647,0.666666667,0.175318315,0.435393258,0.197419732,0.333333333,0.705882353,0.162921348
94,47,york,11,0.47826087,2.086748099,0.373104812,0.246840442,0.411899314,0.689613527,0.234673698,0.402332362,0.266856431,0.310386473,0.588100686,0.233965015
95,1,brock,11,0.458333333,1.804571771,0.389230769,0.186814644,0.308571429,0.630546956,0.153846154,0.416612589,0.236940588,0.369453044,0.691428571,0.186891629
96,2,carleton,18,0.782608696,1.848480276,0.438873626,0.223539931,0.362530414,0.752880922,0.174450549,0.375093214,0.247959679,0.247119078,0.637469586,0.175242356
97,3,ryerson,17,0.739130435,1.846692776,0.450633756,0.214960297,0.401993355,0.727574751,0.21814543,0.396974063,0.239907346,0.272425249,0.598006645,0.152017291
98,4,calgary,17,0.85,1.951404425,0.456981664,0.209340799,0.371428571,0.677792041,0.159379408,0.406170752,0.317480556,0.322207959,0.628571429,0.182586644
99,5,victoria,12,0.6,1.9593212,0.45752608,0.197176731,0.303813038,0.690972222,0.227272727,0.436830835,0.195087068,0.309027778,0.696186962,0.170592434
100,6,alberta,15,0.75,1.909046093,0.461420932,0.221546705,0.337905237,0.662606577,0.212375859,0.42153723,0.246557258,0.337393423,0.662094763,0.231385108
101,7,upei,17,0.85,1.968569997,0.432533733,0.167967467,0.254901961,0.748443337,0.225637181,0.393095768,0.189034705,0.251556663,0.745098039,0.144766147
102,8,mcgill,10,0.625,1.797587719,0.41928494,0.265323993,0.332688588,0.691637631,0.145178765,0.390510949,0.2211315,0.308362369,0.667311412,0.193952033
103,9,unbc,11,0.55,1.960664336,0.468868641,0.2,0.322056834,0.676190476,0.230827639,0.431659693,0.18231138,0.323809524,0.677943166,0.152022315
104,10,saskatchewan,16,0.8,1.89251939,0.517817372,0.231408436,0.453900709,0.747368421,0.172234595,0.384294069,0.249893662,0.252631579,0.546099291,0.162071846
105,11,ubc,14,0.7,1.931746032,0.475374732,0.215108187,0.383054893,0.732317737,0.16773733,0.40527838,0.194493559,0.267682263,0.616945107,0.171366594
106,12,acadia,13,0.65,2.127961847,0.44198895,0.192530297,0.325255102,0.789029536,0.196823204,0.418181818,0.219685726,0.210970464,0.674744898,0.267193676
107,13,western,5,0.208333333,1.822495895,0.372836719,0.270751975,0.249704142,0.64293915,0.187358916,0.457573853,0.200567623,0.35706085,0.750295858,0.152734129
108,14,unb,12,0.6,2.012772898,0.401829697,0.196525382,0.365461847,0.753383459,0.183673469,0.435802469,0.242877691,0.246616541,0.634538153,0.200823045
109,15,trinitywestern,12,0.6,1.869525,0.441978193,0.220252485,0.333333333,0.707150965,0.17834891,0.41436865,0.169103353,0.292849035,0.666666667,0.140058055
110,16,laurier,9,0.375,1.860202662,0.378972279,0.215526462,0.234752589,0.678787879,0.21974307,0.395020996,0.175455438,0.321212121,0.765247411,0.179364127
111,17,ottawa,21,0.913043478,1.861738945,0.48467433,0.200665061,0.382284382,0.736958935,0.167943806,0.371387283,0.243437522,0.263041065,0.617715618,0.193641618
112,18,lethbridge,12,0.6,1.973355016,0.437637564,0.21015873,0.372005044,0.728346457,0.209097579,0.43793911,0.215822785,0.271653543,0.627994956,0.202185792
113,19,toronto,6,0.260869565,1.906376562,0.371690428,0.221404304,0.281603289,0.623126338,0.193482688,0.425693527,0.238476457,0.376873662,0.718396711,0.201453104
114,20,saintmarys,3,0.15,2.000985346,0.398528273,0.208687394,0.207070707,0.653164557,0.183578621,0.427525058,0.216270702,0.346835443,0.792929293,0.262143408
115,21,waterloo,6,0.25,1.941019865,0.324525745,0.248299177,0.275751073,0.662728249,0.213414634,0.408951563,0.197747901,0.337271751,0.724248927,0.186388719
116,22,dalhousie,8,0.4,1.997373687,0.412240185,0.238857517,0.328534031,0.696569921,0.181678214,0.422028766,0.207156543,0.303430079,0.671465969,0.227100681
117,23,stfx,0,0,2.12995,0.368698269,0.252891893,0.266233766,0.670572917,0.135440181,0.426301555,0.177148944,0.329427083,0.733766234,0.211629479
118,24,winnipeg,8,0.4,1.916325,0.395014045,0.174056431,0.320776256,0.645443196,0.139747191,0.42851682,0.23343824,0.354556804,0.679223744,0.193425076
119,25,thompsonrivers,4,0.2,1.842683532,0.369019608,0.20933739,0.259095921,0.620689655,0.168627451,0.469619327,0.207907202,0.379310345,0.740904079,0.13250366
120,26,regina,17,0.85,1.89675,0.46935139,0.190362017,0.406857143,0.71888412,0.196721311,0.353231939,0.216926891,0.28111588,0.593142857,0.162737643
121,27,mountroyal,2,0.1,2.130665669,0.372275204,0.241989902,0.295857988,0.589403974,0.139645777,0.460677966,0.216552114,0.410596026,0.704142012,0.248813559
122,28,windsor,17,0.708333333,1.892036499,0.450277949,0.209032853,0.400455063,0.727375566,0.160592959,0.395029431,0.199268618,0.272624434,0.599544937,0.191628515
123,29,queens,15,0.652173913,1.971108696,0.426294821,0.257749029,0.407158837,0.719077568,0.203851262,0.396141479,0.224242424,0.280922432,0.592841163,0.122186495
124,30,brandon,5,0.25,1.949913043,0.398026316,0.237918596,0.218673219,0.600671141,0.200657895,0.465147453,0.19037949,0.399328859,0.781326781,0.134718499
125,31,manitoba,8,0.4,2.001718984,0.406813627,0.17254554,0.324898785,0.609921082,0.162324649,0.443931867,0.2268728,0.390078918,0.675101215,0.183108588
126,32,guelph,9,0.375,2.058505531,0.40497076,0.219262955,0.37694704,0.650828729,0.189473684,0.446096654,0.229498477,0.349171271,0.62305296,0.200743494
127,33,algoma,5,0.208333333,1.817276663,0.390126206,0.268965062,0.246445498,0.653932584,0.20861173,0.436057392,0.190823419,0.346067416,0.753554502,0.218964442
128,34,laurentian,7,0.304347826,1.89739673,0.414213927,0.214984231,0.217587373,0.662715517,0.213208902,0.423411371,0.214764949,0.337284483,0.782412627,0.214715719
129,35,ubcokanagan,1,0.05,1.895801242,0.376971609,0.230196522,0.284745763,0.672374429,0.178233438,0.458423717,0.1782217,0.327625571,0.715254237,0.191612437
130,36,lakehead,20,0.833333333,1.952439024,0.462885986,0.18799006,0.371527778,0.688311688,0.141330166,0.392832765,0.247401472,0.311688312,0.628472222,0.206825939
131,37,ufv,10,0.5,1.80142607,0.410912191,0.229644225,0.2823219,0.676904177,0.205456095,0.404272802,0.205732714,0.323095823,0.7176781,0.242399343
132,38,memorial,9,0.45,2.179984856,0.423269094,0.174719636,0.24173028,0.695035461,0.244111349,0.410927152,0.180130248,0.304964539,0.75826972,0.171523179
133,39,mcmaster,21,0.875,1.990329304,0.453449243,0.177642891,0.355058366,0.666666667,0.160964666,0.373540856,0.272101641,0.333333333,0.644941634,0.170557717
134,40,bishops,2,0.125,1.8791875,0.345170455,0.202539599,0.28137931,0.625210084,0.15530303,0.462441315,0.217442211,0.374789916,0.71862069,0.148356808
135,41,laval,15,0.9375,1.866561415,0.511734694,0.223890762,0.35021097,0.755980861,0.187755102,0.34679803,0.191615961,0.244019139,0.64978903,0.153694581
136,42,nipissing,3,0.130434783,1.922880802,0.350993377,0.196935301,0.255639098,0.609589041,0.146357616,0.446461538,0.179335159,0.390410959,0.744360902,0.157538462
137,43,capebreton,18,0.9,2.092731388,0.463957055,0.196641413,0.269956459,0.751322751,0.281441718,0.412778177,0.199348675,0.248677249,0.730043541,0.15793252
138,44,uqam,3,0.1875,1.889638932,0.380882353,0.222026344,0.333876221,0.652249135,0.187254902,0.438229572,0.209156403,0.347750865,0.666123779,0.195525292
139,45,macewan,6,0.3,1.946766542,0.342607973,0.301636909,0.331658291,0.677111717,0.177740864,0.430129241,0.245305797,0.322888283,0.668341709,0.224555735
140,46,concordia,10,0.625,1.8280625,0.408920188,0.167329188,0.325041459,0.661896243,0.168075117,0.417093142,0.240839498,0.338103757,0.674958541,0.154554759
141,47,york,10,0.434782609,2.024483583,0.408,0.261497326,0.37020316,0.679723502,0.205333333,0.426870748,0.239451204,0.320276498,0.62979684,0.229251701
142,1,brock,17,0.772727273,1.918739903,0.428618206,0.172417922,0.334463277,0.688914027,0.164374591,0.384375,0.201788304,0.311085973,0.665536723,0.1625
143,2,carleton,15,0.681818182,1.850613636,0.449891853,0.211176485,0.328282828,0.705952381,0.180245133,0.381058911,0.220555528,0.294047619,0.671717172,0.187173751
144,3,ryerson,18,0.818181818,1.920094937,0.464400257,0.192457553,0.357615894,0.715343915,0.146889031,0.368647101,0.249424856,0.284656085,0.642384106,0.170365068
145,4,calgary,18,0.9,1.8681,0.473903177,0.211055008,0.348148148,0.693989071,0.169440242,0.410326087,0.310379964,0.306010929,0.651851852,0.219202899
146,5,victoria,12,0.6,1.894855865,0.438854489,0.205143666,0.328431373,0.698224852,0.253869969,0.430851064,0.201417137,0.301775148,0.671568627,0.185410334
147,6,alberta,16,0.8,1.924214792,0.463039867,0.267140413,0.357239513,0.679086538,0.243355482,0.372072853,0.288362784,0.320913462,0.642760487,0.261058109
148,7,upei,17,0.85,2.026528056,0.421875,0.169655241,0.265725289,0.715394567,0.209302326,0.373388931,0.222096094,0.284605433,0.734274711,0.191053829
149,8,mcgill,7,0.4375,1.7936,0.379417879,0.248350122,0.322580645,0.739054291,0.146569647,0.401930894,0.205918243,0.260945709,0.677419355,0.152439024
150,9,unbc,11,0.55,1.933308642,0.44026377,0.207591174,0.305454545,0.636263736,0.261442979,0.405494505,0.235488798,0.363736264,0.694545455,0.204395604
151,10,saskatchewan,18,0.9,1.880865433,0.491762178,0.194604393,0.439053254,0.728365385,0.205587393,0.337333333,0.305824599,0.271634615,0.560946746,0.205333333
152,11,ubc,16,0.8,1.925175,0.480625931,0.224323129,0.377613776,0.722029988,0.166169896,0.414605873,0.223688988,0.277970012,0.622386224,0.171561051
153,12,acadia,16,0.8,2.094643304,0.471491228,0.210335818,0.332846715,0.76125,0.235380117,0.383763838,0.190648682,0.23875,0.667153285,0.224354244
154,13,western,19,0.863636364,1.974662162,0.427103404,0.190844018,0.349547511,0.737193764,0.180475273,0.394090305,0.197569436,0.262806236,0.650452489,0.122841965
155,14,unb,10,0.5,1.980029843,0.395912188,0.230074774,0.330578512,0.751412429,0.175624527,0.396974652,0.220161494,0.248587571,0.669421488,0.243663123
156,15,trinitywestern,6,0.3,1.811375,0.383739837,0.248975213,0.342989571,0.650130548,0.193495935,0.46626506,0.218107794,0.349869452,0.657010429,0.199196787
157,16,laurier,10,0.454545455,1.8875,0.386004515,0.218180507,0.234096692,0.701877934,0.194130926,0.391661195,0.168783344,0.298122066,0.765903308,0.147734734
158,17,ottawa,18,0.818181818,1.954623172,0.456206679,0.187237867,0.370010787,0.716035635,0.175173283,0.378289474,0.252937524,0.283964365,0.629989213,0.215643275
159,18,lethbridge,11,0.55,1.923,0.456183456,0.259811473,0.326030928,0.709798995,0.21048321,0.440630048,0.257618517,0.290201005,0.673969072,0.180129241
160,19,toronto,5,0.227272727,1.87012957,0.385992218,0.259419395,0.310794781,0.65060241,0.209338521,0.45324768,0.2143636,0.34939759,0.689205219,0.182726624
161,20,saintmarys,10,0.5,2.06394052,0.425978648,0.196377525,0.248184019,0.668380463,0.159430605,0.407518797,0.246692756,0.331619537,0.751815981,0.226315789
162,21,waterloo,3,0.136363636,2.053938706,0.351546392,0.248037505,0.290578888,0.650462963,0.173883162,0.420359666,0.190514614,0.349537037,0.709421112,0.184971098
163,22,dalhousie,2,0.1,2.047926037,0.334232845,0.245253551,0.279097387,0.675,0.195836546,0.440467495,0.22022938,0.325,0.720902613,0.185536888
164,23,stfx,3,0.15,2.107654076,0.391984733,0.232260511,0.244956772,0.734895191,0.184732824,0.396481732,0.152517716,0.265104809,0.755043228,0.198240866
165,24,winnipeg,12,0.6,1.9933,0.416271722,0.242877691,0.287369641,0.631355932,0.2164297,0.40647482,0.254968456,0.368644068,0.712630359,0.174100719
166,25,thompsonrivers,7,0.35,1.798409938,0.387966805,0.208923316,0.278301887,0.602864583,0.23153527,0.452995008,0.235784206,0.397135417,0.721698113,0.278702163
167,26,regina,8,0.4,1.885975,0.428516526,0.214336747,0.330588235,0.694690265,0.211375865,0.40729927,0.180620484,0.305309735,0.669411765,0.152554745
168,27,mountroyal,5,0.25,1.986068034,0.396144768,0.282820967,0.309007982,0.651442308,0.184107002,0.437990581,0.246443089,0.348557692,0.690992018,0.255102041
169,28,windsor,17,0.772727273,1.946157386,0.424983477,0.19482988,0.413301663,0.750282486,0.186384666,0.357400722,0.205921115,0.249717514,0.586698337,0.194945848
170,29,queens,15,0.681818182,1.984617117,0.46278626,0.188660119,0.336518047,0.688561721,0.179389313,0.425938804,0.246998285,0.311438279,0.663481953,0.164812239
171,30,brandon,1,0.05,1.887675,0.402620087,0.279348143,0.274111675,0.596926714,0.2069869,0.479003559,0.200898758,0.403073286,0.725888325,0.169395018
172,31,manitoba,9,0.45,2.02555,0.435674548,0.22554167,0.330794342,0.590618337,0.138386648,0.407735983,0.237930438,0.409381663,0.669205658,0.237757275
173,32,guelph,14,0.636363636,2.063381884,0.425216316,0.191596195,0.358683314,0.720901126,0.166872682,0.405348346,0.250237532,0.279098874,0.641316686,0.177339901
174,33,algoma,6,0.272727273,1.878683314,0.394315452,0.230143962,0.197050938,0.646191646,0.192954363,0.417222964,0.175367437,0.353808354,0.802949062,0.182242991
175,34,laurentian,3,0.136363636,1.907409051,0.377744133,0.245525844,0.240135287,0.652977413,0.224829674,0.427687296,0.196433968,0.347022587,0.759864713,0.184364821
176,35,ubcokanagan,2,0.1,1.895375,0.322642968,0.279444019,0.40062435,0.668286756,0.196290572,0.464549483,0.1863215,0.331713244,0.59937565,0.185376662
177,36,lakehead,8,0.363636364,1.925729382,0.399048266,0.221525827,0.361529548,0.635235732,0.13800136,0.426031294,0.231722928,0.364764268,0.638470452,0.205547653
178,37,ufv,16,0.8,1.920125,0.431714719,0.205247073,0.337677725,0.700805524,0.248103187,0.402766477,0.239572697,0.299194476,0.662322275,0.23352319
179,38,memorial,13,0.65,2.113654419,0.404567144,0.166056821,0.28452381,0.688010899,0.222903885,0.435412027,0.241528735,0.311989101,0.71547619,0.195248701
180,39,mcmaster,14,0.636363636,1.996213309,0.413716814,0.184433581,0.312690355,0.655282818,0.175094817,0.406779661,0.242723902,0.344717182,0.687309645,0.203389831
181,40,bishops,10,0.625,1.878534031,0.40960452,0.181005111,0.303215926,0.654605263,0.196798493,0.407752699,0.254331846,0.345394737,0.696784074,0.16781158
182,41,laval,12,0.75,1.831203242,0.401203611,0.225293641,0.31281198,0.783471074,0.184553661,0.36559679,0.163134938,0.216528926,0.68718802,0.196589769
183,42,nipissing,4,0.181818182,1.98553616,0.358046381,0.233596937,0.233009709,0.651977401,0.137737175,0.457544089,0.200215088,0.348022599,0.766990291,0.163291966
184,43,capebreton,9,0.45,2.047194067,0.413753799,0.220906868,0.317232376,0.70906801,0.258358663,0.428422516,0.177702279,0.29093199,0.682767624,0.183460737
185,44,uqam,7,0.4375,1.881037176,0.403353057,0.213391345,0.331541219,0.650337838,0.210059172,0.395233366,0.226721589,0.349662162,0.668458781,0.213505462
186,45,macewan,2,0.1,1.97685,0.389823381,0.327461323,0.311495674,0.661725067,0.170731707,0.5044,0.264885554,0.338274933,0.688504326,0.2056
187,46,concordia,4,0.25,1.883119725,0.385956175,0.193759936,0.263620387,0.637655417,0.195219124,0.409883721,0.207161636,0.362344583,0.736379613,0.204457364
188,47,york,11,0.5,1.920547945,0.41759388,0.260608009,0.390184049,0.697940503,0.19123783,0.401457321,0.225952227,0.302059497,0.609815951,0.174184594
189,48,ontariotech,1,0.045454545,1.940454239,0.328113348,0.245505894,0.2787068,0.613885505,0.190902312,0.473243069,0.198280802,0.386114495,0.7212932,0.174725983
190,1,brock,10,0.526315789,1.970611492,0.400618716,0.208797327,0.295180723,0.703846154,0.165506574,0.383263598,0.250344139,0.296153846,0.704819277,0.189958159
191,2,carleton,14,0.736842105,1.850384922,0.431034483,0.242064856,0.409703504,0.731607629,0.196223317,0.378604651,0.255058053,0.268392371,0.590296496,0.229767442
192,3,ryerson,16,0.842105263,2.026654508,0.444404591,0.203708907,0.40875,0.669056153,0.205882353,0.379485179,0.258839364,0.330943847,0.59125,0.15600624
193,4,calgary,15,0.75,1.909644544,0.472734563,0.246667708,0.368831169,0.719570406,0.240577386,0.411296738,0.232343217,0.280429594,0.631168831,0.194908512
194,5,victoria,9,0.45,1.857277695,0.435686275,0.201666756,0.330357143,0.666225166,0.235294118,0.469287469,0.218287979,0.333774834,0.669642857,0.254709255
195,6,alberta,17,0.85,1.870039781,0.475263585,0.22477125,0.323097463,0.66746988,0.228710462,0.367574257,0.265276741,0.33253012,0.676902537,0.218646865
196,7,upei,6,0.3,2.023982013,0.402027027,0.221933067,0.214564369,0.645517241,0.153153153,0.427480916,0.239950882,0.354482759,0.785435631,0.203053435
197,8,mcgill,15,0.9375,1.762124497,0.45227525,0.245420594,0.352083333,0.756756757,0.224195339,0.350982533,0.228425514,0.243243243,0.647916667,0.183406114
198,9,unbc,3,0.15,1.936336336,0.371335505,0.25403738,0.314102564,0.645283019,0.205211726,0.438791125,0.209412614,0.354716981,0.685897436,0.237949503
199,10,saskatchewan,18,0.9,1.840800597,0.519354839,0.196775336,0.367713004,0.742857143,0.243548387,0.395029991,0.250535906,0.257142857,0.632286996,0.191945159
200,11,ubc,9,0.45,1.859175,0.439710611,0.212595267,0.28238342,0.699731903,0.20096463,0.440254237,0.26371308,0.300268097,0.71761658,0.170338983
201,12,acadia,16,0.8,1.860405405,0.432333577,0.230165671,0.343638526,0.699205448,0.215801024,0.398779612,0.219615793,0.300794552,0.656361474,0.180904523
202,13,western,14,0.7,1.91825,0.452033768,0.226446924,0.356,0.668814433,0.189562548,0.406396256,0.235602094,0.331185567,0.644,0.187207488
203,14,unb,12,0.6,1.901810619,0.43879239,0.261081457,0.377473364,0.702917772,0.226633581,0.386885246,0.230447286,0.297082228,0.622526636,0.254918033
204,15,trinitywestern,8,0.4,1.851217089,0.42810189,0.248262826,0.292405063,0.669985775,0.181594084,0.489184692,0.238713517,0.330014225,0.707594937,0.21547421
205,16,laurier,9,0.45,1.894239291,0.416975537,0.195551051,0.320203304,0.650851582,0.175685693,0.395207439,0.189792788,0.349148418,0.679796696,0.14806867
206,17,ottawa,17,0.894736842,1.835217842,0.428343949,0.217482812,0.367346939,0.677640604,0.181528662,0.359205776,0.254760753,0.322359396,0.632653061,0.251805054
207,18,lethbridge,1,0.05,1.983658171,0.345735786,0.29569825,0.255466053,0.604066986,0.18729097,0.473607038,0.224946291,0.395933014,0.744533947,0.221407625
208,19,toronto,8,0.421052632,2.109254709,0.38385377,0.229838919,0.355504587,0.623207301,0.193450114,0.432250396,0.251630097,0.376792699,0.644495413,0.220285261
209,20,saintmarys,19,0.95,1.816389372,0.415087187,0.177742802,0.347305389,0.74726776,0.236542835,0.373153779,0.237636038,0.25273224,0.652694611,0.191138141
210,21,waterloo,4,0.2,1.996525,0.351617995,0.226906386,0.222222222,0.605577689,0.179952644,0.45198556,0.207405909,0.394422311,0.777777778,0.188447653
211,22,dalhousie,6,0.3,1.758692458,0.401113014,0.232250436,0.291941876,0.668442077,0.20119863,0.428513072,0.215546924,0.331557923,0.708058124,0.210784314
212,23,stfx,4,0.2,1.866759517,0.375386997,0.218760274,0.29747676,0.695137976,0.218266254,0.433587786,0.215881015,0.304862024,0.70252324,0.250381679
213,24,winnipeg,8,0.4,1.857135716,0.378539493,0.201852452,0.334782609,0.645116919,0.178837556,0.484440706,0.271651642,0.354883081,0.665217391,0.206055509
214,25,thompsonrivers,15,0.75,2.005867665,0.414563807,0.253732079,0.369330454,0.721812434,0.173035328,0.350903614,0.225208223,0.278187566,0.630669546,0.189006024
215,26,regina,17,0.85,1.912419275,0.491699605,0.253872856,0.388814913,0.748083242,0.241106719,0.375759878,0.193399667,0.251916758,0.611185087,0.179331307
216,27,mountroyal,2,0.1,2.058598248,0.353475513,0.259652981,0.237515225,0.606914213,0.151658768,0.440702782,0.249872946,0.393085787,0.762484775,0.191068814
217,28,windsor,15,0.75,1.981802209,0.438314176,0.222650369,0.409459459,0.71969697,0.277394636,0.376779026,0.220654798,0.28030303,0.590540541,0.156554307
218,29,queens,14,0.736842105,1.939116719,0.399310873,0.213052712,0.384517766,0.740458015,0.165390505,0.379012346,0.235581596,0.259541985,0.615482234,0.145679012
219,30,brandon,7,0.35,1.920025,0.438845823,0.264121615,0.306559572,0.702702703,0.253229974,0.445397816,0.225897799,0.297297297,0.693440428,0.209828393
220,31,manitoba,1,0.05,1.954286428,0.375574273,0.245700246,0.287929125,0.610640871,0.142419602,0.445359281,0.217285718,0.389359129,0.712070875,0.259730539
221,32,guelph,11,0.578947368,1.985400688,0.377388535,0.20842767,0.343922652,0.717557252,0.233280255,0.3944495,0.266489007,0.282442748,0.656077348,0.246587807
222,33,algoma,1,0.05,2.061636695,0.333181404,0.307361104,0.220963173,0.606138107,0.179580675,0.417822469,0.194816404,0.393861893,0.779036827,0.192787795
223,34,laurentian,3,0.157894737,1.965452163,0.364135021,0.236357826,0.268125855,0.623688156,0.2092827,0.431307244,0.254454626,0.376311844,0.731874145,0.217318901
224,35,ubcokanagan,10,0.5,1.939404553,0.346123102,0.224541183,0.27554535,0.657608696,0.217426059,0.416526846,0.307090653,0.342391304,0.72445465,0.169463087
225,36,lakehead,7,0.368421053,1.934507227,0.413848631,0.249823494,0.358251058,0.674963397,0.130434783,0.428280359,0.216138329,0.325036603,0.641748942,0.194784026
226,37,ufv,13,0.65,1.881438921,0.460515378,0.244488978,0.309803922,0.708144796,0.207813799,0.383928571,0.219060941,0.291855204,0.690196078,0.169254658
227,38,memorial,4,0.2,1.989396531,0.404211396,0.268883214,0.277777778,0.653314917,0.221304707,0.444487881,0.251830377,0.346685083,0.722222222,0.235340109
228,39,mcmaster,15,0.789473684,1.964132706,0.444237918,0.206140467,0.377717391,0.668918919,0.166542751,0.377265239,0.28155858,0.331081081,0.622282609,0.131795717
229,40,bishops,0,0,1.855195424,0.354779412,0.331272839,0.258715596,0.626959248,0.18995098,0.440111421,0.19156759,0.373040752,0.741284404,0.150417827
230,41,laval,9,0.5625,1.895270905,0.404954499,0.245227996,0.345637584,0.727112676,0.195146613,0.38994709,0.262030323,0.272887324,0.654362416,0.175661376
231,42,nipissing,3,0.157894737,1.905118734,0.385373444,0.358520631,0.323688969,0.571834993,0.218879668,0.437402799,0.214783707,0.428165007,0.676311031,0.18118196
232,43,capebreton,13,0.65,1.967778323,0.428021555,0.224663622,0.309746328,0.726427623,0.2147806,0.401145038,0.227724516,0.273572377,0.690253672,0.16259542
233,44,uqam,9,0.5625,1.897439101,0.383397313,0.250587698,0.351822504,0.676975945,0.144913628,0.386363636,0.30785316,0.323024055,0.648177496,0.208425721
234,45,macewan,17,0.85,1.877590481,0.448175182,0.215178945,0.413919414,0.719235364,0.189051095,0.365196078,0.241883896,0.280764636,0.586080586,0.181372549
235,46,concordia,7,0.4375,1.897389116,0.395301328,0.222416986,0.24916388,0.662721893,0.182839632,0.418827508,0.300013297,0.337278107,0.75083612,0.22096956
236,47,york,3,0.157894737,2.025775142,0.376064736,0.260098731,0.306318681,0.603698811,0.207836457,0.422283902,0.22558599,0.396301189,0.693681319,0.256938937